Dates,Summary,Precip Type,Temperature,Humidity,Wind Speed (km/h),Wind Bearing (degrees),Visibility (km),Pressure (millibars),Daily Summary
2017-03-03,Partly Cloudy,rain,9.5,0.89,14.1,251,15.8,1015.13,Partly cloudy throughout the day.
2017-03-04,Partly Cloudy,rain,9.4,,14.3,259,15.8,1015.63,Partly cloudy throughout the day.
2017-03-05,Mostly Cloudy,rain,9.4,0.89,3.9,204,15.0,1015.94,Partly cloudy throughout the day.
2017-03-06,Partly Cloudy,rain,,0.83,14.1,269,15.8,1016.41,Partly cloudy throughout the day.
2017-03-07,Mostly Cloudy,rain,8.8,0.83,,259,15.8,1016.51,Partly cloudy throughout the day.
2017-03-08,Partly Cloudy,rain,9.2,0.85,14.0,258,15.0,1016.66,Partly cloudy throughout the day.
2017-03-09,Partly Cloudy,rain,,0.95,12.4,259,10.0,1016.72,Partly cloudy throughout the day.
2017-03-10,Partly Cloudy,rain,8.8,0.89,14.2,260,10.0,1016.84,Partly cloudy throughout the day.
2017-03-11,Partly Cloudy,rain,10.8,0.82,11.3,259,10.0,1017.37,Partly cloudy throughout the day.
2017-03-12,Partly Cloudy,rain,,0.72,12.5,279,10.0,1017.22,Partly cloudy throughout the day.
2017-03-13,Partly Cloudy,rain,16.0,0.67,17.6,290,11.2,1017.42,Partly cloudy throughout the day.
2017-03-14,Partly Cloudy,rain,17.1,0.54,19.8,316,11.4,1017.74,Partly cloudy throughout the day.
2017-03-15,Partly Cloudy,rain,17.8,0.55,21.9,281,11.3,1017.59,Partly cloudy throughout the day.
2017-03-16,Partly Cloudy,rain,17.3,0.51,20.7,289,11.3,1017.48,Partly cloudy throughout the day.
2017-03-17,Partly Cloudy,rain,18.9,0.47,15.4,262,11.4,1017.17,Partly cloudy throughout the day.
2017-03-18,Partly Cloudy,rain,,0.46,10.4,288,11.3,1016.47,Partly cloudy throughout the day.
2017-03-19,Partly Cloudy,rain,15.4,0.6,14.4,251,11.3,1016.15,Partly cloudy throughout the day.
2017-03-20,Mostly Cloudy,rain,15.6,0.63,11.2,230,11.4,1016.17,Partly cloudy throughout the day.
2017-03-21,Mostly Cloudy,rain,14.3,0.69,8.5,163,11.2,1015.82,Partly cloudy throughout the day.
2017-03-22,Mostly Cloudy,rain,13.1,0.7,7.6,139,11.2,1015.83,Partly cloudy throughout the day.
2017-03-23,Mostly Cloudy,rain,11.5,0.77,7.4,147,11.0,1015.85,Partly cloudy throughout the day.
2017-03-24,Mostly Cloudy,rain,11.2,0.76,4.9,160,10.0,1015.77,Partly cloudy throughout the day.
2017-03-25,Partly Cloudy,rain,10.1,0.79,6.6,163,15.8,1015.4,Partly cloudy throughout the day.
2017-03-26,Mostly Cloudy,rain,10.2,0.77,3.9,152,15.0,1015.51,Partly cloudy throughout the day.
2017-03-27,Partly Cloudy,rain,10.4,0.62,17.0,150,15.8,1014.4,Mostly cloudy throughout the day.
2017-03-28,Partly Cloudy,rain,9.9,0.66,17.2,149,15.8,1014.2,Mostly cloudy throughout the day.
2017-03-29,Mostly Cloudy,rain,11.2,0.8,10.8,163,15.0,1008.71,Mostly cloudy throughout the day.
2017-03-30,Partly Cloudy,rain,7.2,0.79,11.1,180,15.8,1014.47,Mostly cloudy throughout the day.
2017-03-31,Partly Cloudy,rain,6.1,0.82,6.6,161,15.8,1014.45,Mostly cloudy throughout the day.
2017-04-01,Partly Cloudy,rain,6.8,0.83,13.0,135,15.0,1014.49,Mostly cloudy throughout the day.
2017-04-02,Mostly Cloudy,rain,7.3,0.85,11.2,141,6.2,1014.52,Mostly cloudy throughout the day.
2017-04-03,Mostly Cloudy,rain,7.8,0.83,12.8,150,8.1,1014.16,Mostly cloudy throughout the day.
2017-04-04,Mostly Cloudy,rain,9.9,0.78,13.7,160,10.0,1014.24,Mostly cloudy throughout the day.
2017-04-05,Mostly Cloudy,rain,12.2,0.72,15.6,150,10.0,1014.25,Mostly cloudy throughout the day.
2017-04-06,Mostly Cloudy,rain,,0.61,17.5,151,10.0,1013.96,Mostly cloudy throughout the day.
2017-04-07,Mostly Cloudy,rain,17.4,0.52,22.8,169,10.0,1013.85,Mostly cloudy throughout the day.
2017-04-08,Mostly Cloudy,rain,19.0,0.46,23.9,169,10.0,1013.04,Mostly cloudy throughout the day.
2017-04-09,Mostly Cloudy,rain,20.0,0.4,28.4,170,10.0,1012.22,Mostly cloudy throughout the day.
2017-04-10,Mostly Cloudy,rain,,0.4,26.9,187,10.4,1011.44,Mostly cloudy throughout the day.
2017-04-11,Mostly Cloudy,rain,21.2,0.37,25.7,179,10.0,1010.52,Mostly cloudy throughout the day.
2017-04-12,Mostly Cloudy,rain,20.1,0.4,25.3,162,10.0,1009.83,Mostly cloudy throughout the day.
2017-04-13,Mostly Cloudy,rain,20.2,0.36,18.1,161,10.4,1009.26,Mostly cloudy throughout the day.
2017-04-14,Mostly Cloudy,rain,20.0,0.43,23.4,160,10.0,1008.76,Mostly cloudy throughout the day.
2017-04-15,Mostly Cloudy,rain,,0.5,20.0,150,11.2,1008.36,Mostly cloudy throughout the day.
2017-04-16,Mostly Cloudy,rain,16.1,0.53,21.4,149,10.0,1008.11,Mostly cloudy throughout the day.
2017-04-17,Mostly Cloudy,rain,15.0,0.55,21.4,159,10.0,1008.15,Mostly cloudy throughout the day.
2017-04-18,Overcast,rain,14.4,0.58,20.0,159,15.8,1007.85,Mostly cloudy throughout the day.
2017-04-19,Overcast,rain,,0.59,16.5,168,15.0,1007.89,Mostly cloudy throughout the day.
2017-04-20,Overcast,rain,13.8,0.6,17.1,160,15.8,1007.36,Foggy in the evening.
2017-04-21,Overcast,rain,,0.63,14.4,160,15.8,1007.26,Foggy in the evening.
2017-04-22,Overcast,rain,8.6,0.87,22.0,32,6.7,1005.1,Foggy in the evening.
2017-04-23,Overcast,rain,11.3,0.83,11.3,152,15.8,1007.01,Foggy in the evening.
2017-04-24,Overcast,rain,11.2,0.89,11.2,180,9.9,1006.73,Foggy in the evening.
2017-04-25,Overcast,rain,10.7,0.95,10.4,161,6.7,1006.59,Foggy in the evening.
2017-04-26,Mostly Cloudy,rain,11.1,0.93,12.0,140,6.0,1006.34,Foggy in the evening.
2017-04-27,Mostly Cloudy,rain,11.1,0.93,9.2,103,10.8,1006.09,Foggy in the evening.
2017-04-28,Partly Cloudy,rain,12.2,0.82,9.9,113,10.7,1005.97,Foggy in the evening.
2017-04-29,Partly Cloudy,rain,12.8,0.79,13.8,129,10.8,1005.63,Foggy in the evening.
2017-04-30,Partly Cloudy,rain,13.8,0.84,9.1,159,10.8,1005.83,Foggy in the evening.
2017-05-01,Partly Cloudy,rain,16.2,0.73,0.6,207,10.8,1005.97,Foggy in the evening.
2017-05-02,Mostly Cloudy,rain,17.5,0.67,0.7,153,10.9,1005.64,Foggy in the evening.
2017-05-03,Mostly Cloudy,rain,17.4,0.67,3.9,4,10.9,1005.2,Foggy in the evening.
2017-05-04,Mostly Cloudy,rain,17.4,0.71,7.8,341,11.1,1005.1,Foggy in the evening.
2017-05-05,Mostly Cloudy,rain,17.2,0.74,15.6,15,10.9,1004.65,Foggy in the evening.
2017-05-06,Mostly Cloudy,rain,15.6,0.81,23.7,348,10.9,1004.04,Foggy in the evening.
2017-05-07,Overcast,rain,13.6,0.9,21.0,321,7.6,1004.08,Foggy in the evening.
2017-05-08,Foggy,rain,10.9,0.86,22.4,311,2.7,1004.61,Foggy in the evening.
2017-05-09,Foggy,rain,8.8,0.99,26.5,339,2.7,1004.99,Foggy in the evening.
2017-05-10,Overcast,rain,9.0,0.93,23.2,340,3.8,1004.85,Foggy in the evening.
2017-05-11,Overcast,rain,8.2,0.96,25.4,330,4.5,1004.96,Foggy in the evening.
2017-05-12,Overcast,rain,7.7,0.96,28.1,339,4.4,1005.14,Foggy in the evening.
2017-05-13,Overcast,rain,7.8,0.96,19.3,339,5.7,1005.05,Foggy in the evening.
2017-05-14,Foggy,rain,,0.96,20.4,341,3.1,1004.8,Foggy overnight and breezy in the morning.
2017-05-15,Foggy,rain,8.2,0.93,27.9,19,3.2,1004.89,Foggy overnight and breezy in the morning.
2017-05-16,Mostly Cloudy,rain,7.3,0.82,6.7,277,14.1,1007,Foggy overnight and breezy in the morning.
2017-05-17,Overcast,rain,7.6,0.93,14.9,9,6.1,1004.3,Foggy overnight and breezy in the morning.
2017-05-18,Overcast,rain,6.6,0.93,25.0,0,6.1,1003.68,Foggy overnight and breezy in the morning.
2017-05-19,Overcast,rain,6.7,0.93,19.8,350,6.2,1003.86,Foggy overnight and breezy in the morning.
2017-05-20,Overcast,rain,,0.93,28.1,349,8.0,1003.57,Foggy overnight and breezy in the morning.
2017-05-21,Overcast,rain,6.1,0.93,28.0,348,6.3,1003.96,Foggy overnight and breezy in the morning.
2017-05-22,Breezy and Mostly Cloudy,rain,6.1,0.93,30.9,349,10.5,1004.1,Foggy overnight and breezy in the morning.
2017-05-23,Breezy and Mostly Cloudy,rain,,0.8,32.2,349,11.2,1004.26,Foggy overnight and breezy in the morning.
2017-05-24,Overcast,rain,7.2,0.86,26.5,339,11.3,1004.18,Foggy overnight and breezy in the morning.
2017-05-25,Mostly Cloudy,rain,7.6,0.84,28.3,339,10.5,1004.23,Foggy overnight and breezy in the morning.
2017-05-26,Mostly Cloudy,rain,8.9,0.77,29.8,348,11.3,1004.47,Foggy overnight and breezy in the morning.
2017-05-27,Mostly Cloudy,rain,10.0,0.71,28.5,339,11.3,1004.52,Foggy overnight and breezy in the morning.
2017-05-28,Mostly Cloudy,rain,9.9,0.71,28.5,338,11.1,1004.29,Foggy overnight and breezy in the morning.
2017-05-29,Mostly Cloudy,rain,11.1,0.71,25.7,320,11.3,1003.93,Foggy overnight and breezy in the morning.
2017-05-30,Overcast,rain,10.1,0.76,25.3,311,11.3,1004,Foggy overnight and breezy in the morning.
2017-05-31,Overcast,rain,11.0,0.66,21.4,311,10.0,1004.3,Foggy overnight and breezy in the morning.
2017-06-01,Overcast,rain,10.7,0.7,17.9,310,14.9,1004,Foggy overnight and breezy in the morning.
2017-06-02,Overcast,rain,10.1,0.7,15.2,328,10.0,1004.39,Foggy overnight and breezy in the morning.
2017-06-03,Mostly Cloudy,rain,9.9,0.66,15.7,348,11.0,1005.48,Foggy overnight and breezy in the morning.
2017-06-04,Overcast,rain,8.8,0.71,12.4,20,10.0,1005.89,Foggy overnight and breezy in the morning.
2017-06-05,Mostly Cloudy,rain,7.8,0.72,13.9,28,15.8,1006.37,Foggy overnight and breezy in the morning.
2017-06-06,Overcast,rain,7.9,0.72,9.8,11,15.0,1006.56,Foggy overnight and breezy in the morning.
2017-06-07,Mostly Cloudy,rain,7.3,0.75,6.7,326,15.9,1007.07,Overcast throughout the day.
2017-06-08,Overcast,rain,7.2,0.75,7.1,309,15.9,1007.37,Overcast throughout the day.
2017-06-09,Partly Cloudy,rain,5.4,0.88,3.7,193,10.0,1012.23,Overcast throughout the day.
2017-06-10,Overcast,rain,7.2,0.76,14.5,273,15.8,1007.28,Overcast throughout the day.
2017-06-11,Overcast,rain,6.7,0.7,20.5,300,15.8,1007.18,Overcast throughout the day.
2017-06-12,Overcast,rain,6.2,0.73,19.3,309,15.0,1007.39,Overcast throughout the day.
2017-06-13,Overcast,rain,6.1,0.76,17.4,300,10.0,1007.67,Overcast throughout the day.
2017-06-14,Overcast,rain,6.1,0.76,20.4,300,10.0,1007.98,Overcast throughout the day.
2017-06-15,Overcast,rain,6.2,0.76,17.0,307,10.0,1008.57,Overcast throughout the day.
2017-06-16,Overcast,rain,7.2,0.71,20.5,319,10.0,1008.87,Overcast throughout the day.
2017-06-17,Overcast,rain,7.3,0.73,17.6,328,10.0,1009.44,Overcast throughout the day.
2017-06-18,Overcast,rain,7.4,0.72,14.4,318,10.0,1010.03,Overcast throughout the day.
2017-06-19,Overcast,rain,8.0,0.7,10.8,321,10.0,1010.22,Overcast throughout the day.
2017-06-20,Overcast,rain,8.0,0.7,4.9,349,10.0,1010.39,Overcast throughout the day.
2017-06-21,Overcast,rain,9.1,0.65,2.4,348,10.0,1010.24,Overcast throughout the day.
2017-06-22,Overcast,rain,9.0,0.62,0.3,243,10.0,1010,Overcast throughout the day.
2017-06-23,Overcast,rain,9.0,0.65,3.3,177,11.2,1009.98,Overcast throughout the day.
2017-06-24,Overcast,rain,,0.65,3.0,170,11.0,1010.05,Overcast throughout the day.
2017-06-25,Overcast,rain,9.1,0.7,10.5,172,10.0,1010.1,Overcast throughout the day.
2017-06-26,Overcast,rain,8.0,0.75,7.3,172,10.0,1010.39,Overcast throughout the day.
2017-06-27,Overcast,rain,8.1,0.75,9.5,150,10.0,1010.91,Overcast throughout the day.
2017-06-28,Overcast,rain,7.9,0.82,10.0,142,10.0,1011.32,Overcast throughout the day.
2017-06-29,Overcast,rain,,0.83,13.7,141,12.0,1011.61,Overcast throughout the day.
2017-06-30,Mostly Cloudy,rain,7.3,0.84,11.5,141,14.2,1011.97,Overcast throughout the day.
2017-07-01,Mostly Cloudy,rain,6.6,0.85,12.7,142,14.9,1012.22,Mostly cloudy throughout the day.
2017-07-02,Partly Cloudy,rain,6.1,0.88,12.9,130,14.9,1012.74,Mostly cloudy throughout the day.
2017-07-03,Partly Cloudy,rain,8.3,0.88,0.7,359,15.0,1015.35,Mostly cloudy throughout the day.
2017-07-04,Mostly Cloudy,rain,5.2,0.91,5.5,166,10.0,1013.29,Mostly cloudy throughout the day.
2017-07-05,Mostly Cloudy,rain,,0.94,5.2,145,10.0,1013.39,Mostly cloudy throughout the day.
2017-07-06,Mostly Cloudy,rain,4.9,0.93,5.6,170,5.9,1013.45,Mostly cloudy throughout the day.
2017-07-07,Foggy,rain,5.2,0.92,4.8,178,1.2,1013.4,Mostly cloudy throughout the day.
2017-07-08,Overcast,rain,6.3,0.92,7.9,223,7.2,1013.81,Mostly cloudy throughout the day.
2017-07-09,Mostly Cloudy,rain,7.8,0.87,9.8,240,10.7,1014.7,Mostly cloudy throughout the day.
2017-07-10,Mostly Cloudy,rain,,0.76,9.7,231,11.2,1014.67,Mostly cloudy throughout the day.
2017-07-11,Mostly Cloudy,rain,12.2,0.66,14.5,230,10.0,1014.66,Mostly cloudy throughout the day.
2017-07-12,Mostly Cloudy,rain,12.7,0.63,20.3,214,11.0,1014.8,Mostly cloudy throughout the day.
2017-07-13,Partly Cloudy,rain,13.9,0.58,23.6,222,11.3,1014.47,Mostly cloudy throughout the day.
2017-07-14,Partly Cloudy,rain,15.1,0.59,22.3,241,11.3,1014.16,Mostly cloudy throughout the day.
2017-07-15,Mostly Cloudy,rain,15.2,0.5,14.7,235,11.4,1014.07,Mostly cloudy throughout the day.
2017-07-16,Partly Cloudy,rain,16.2,0.44,14.5,238,11.3,1013.34,Mostly cloudy throughout the day.
2017-07-17,Partly Cloudy,rain,16.3,0.55,14.7,211,11.3,1012.72,Mostly cloudy throughout the day.
2017-07-18,Partly Cloudy,rain,16.3,0.5,19.6,221,11.4,1012.38,Mostly cloudy throughout the day.
2017-07-19,Partly Cloudy,rain,16.1,0.56,14.8,215,11.1,1012.38,Mostly cloudy throughout the day.
2017-07-20,Partly Cloudy,rain,13.0,0.68,12.0,224,11.3,1012.72,Mostly cloudy throughout the day.
2017-07-21,Mostly Cloudy,rain,13.9,0.64,11.6,231,11.4,1013.42,Mostly cloudy throughout the day.
2017-07-22,Mostly Cloudy,rain,12.8,0.69,14.2,358,10.0,1014.41,Mostly cloudy throughout the day.
2017-07-23,Mostly Cloudy,rain,12.1,0.72,11.3,8,15.9,1014.89,Mostly cloudy throughout the day.
2017-07-24,Mostly Cloudy,rain,10.7,0.81,5.8,59,15.0,1014.91,Mostly cloudy throughout the day.
2017-07-25,Mostly Cloudy,rain,10.4,0.83,2.6,63,15.9,1014.75,Mostly cloudy throughout the day.
2017-07-26,Mostly Cloudy,rain,9.8,0.8,5.3,65,15.9,1015.55,Mostly cloudy throughout the day.
2017-07-27,Mostly Cloudy,rain,11.0,0.74,11.4,146,15.0,1015.7,Mostly cloudy throughout the day.
2017-07-28,Mostly Cloudy,rain,7.1,0.93,3.7,305,14.9,1016.43,Mostly cloudy throughout the day.
2017-07-29,Mostly Cloudy,rain,7.6,0.89,10.9,327,14.9,1016.56,Mostly cloudy throughout the day.
2017-07-30,Mostly Cloudy,rain,7.6,0.86,6.5,319,13.4,1017.15,Mostly cloudy throughout the day.
2017-07-31,Mostly Cloudy,rain,7.0,0.86,11.4,271,10.0,1017.37,Mostly cloudy throughout the day.
2017-08-01,Partly Cloudy,rain,8.6,0.84,9.7,297,10.0,1018.25,Mostly cloudy throughout the day.
2017-08-02,Partly Cloudy,rain,9.6,0.84,16.0,289,10.0,1019.24,Mostly cloudy throughout the day.
2017-08-03,Partly Cloudy,rain,12.1,0.72,13.2,310,10.0,1019.83,Mostly cloudy throughout the day.
2017-08-04,Partly Cloudy,rain,12.8,0.71,13.2,301,11.2,1020.51,Mostly cloudy throughout the day.
2017-08-05,Partly Cloudy,rain,13.8,0.65,9.7,307,11.4,1020.91,Mostly cloudy throughout the day.
2017-08-06,Partly Cloudy,rain,16.0,0.48,11.2,307,11.3,1020.6,Mostly cloudy throughout the day.
2017-08-07,Partly Cloudy,rain,17.1,0.47,12.7,308,11.3,1020.39,Mostly cloudy throughout the day.
2017-08-08,Partly Cloudy,rain,17.1,0.43,10.6,279,11.4,1020.34,Mostly cloudy throughout the day.
2017-08-09,Mostly Cloudy,rain,17.8,0.4,8.0,272,11.2,1019.7,Mostly cloudy throughout the day.
2017-08-10,Mostly Cloudy,rain,17.8,0.37,2.6,351,11.2,1018.89,Mostly cloudy throughout the day.
2017-08-11,Mostly Cloudy,rain,17.8,0.43,11.0,175,10.4,1018.48,Mostly cloudy throughout the day.
2017-08-12,Mostly Cloudy,rain,16.2,0.52,9.2,172,10.0,1017.87,Mostly cloudy throughout the day.
2017-08-13,Mostly Cloudy,rain,14.0,0.63,9.2,160,10.0,1017.56,Mostly cloudy throughout the day.
2017-08-14,Mostly Cloudy,rain,13.1,0.67,9.3,138,10.0,1017.38,Mostly cloudy throughout the day.
2017-08-15,Mostly Cloudy,rain,12.3,0.72,9.5,141,10.0,1017.58,Mostly cloudy throughout the day.
2017-08-16,Overcast,rain,12.8,0.66,11.1,141,15.8,1017.65,Mostly cloudy throughout the day.
2017-08-17,Overcast,rain,12.7,0.67,13.4,149,15.0,1017.36,Mostly cloudy throughout the day.
2017-08-18,Overcast,rain,12.3,0.69,14.1,151,15.8,1016.8,Mostly cloudy throughout the day.
2017-08-19,Overcast,rain,11.7,0.71,11.3,158,15.8,1016.64,Mostly cloudy throughout the day.
2017-08-20,Partly Cloudy,rain,10.8,0.86,9.2,259,14.2,1013.13,Mostly cloudy throughout the day.
2017-08-21,Overcast,rain,12.2,0.59,14.2,141,15.8,1014.79,Mostly cloudy throughout the day.
2017-08-22,Overcast,rain,12.2,0.6,14.3,151,15.8,1014.25,Mostly cloudy throughout the day.
2017-08-23,Overcast,rain,11.7,0.68,13.8,152,15.0,1013.95,Mostly cloudy throughout the day.
2017-08-24,Overcast,rain,11.2,0.77,14.0,132,10.0,1013.63,Mostly cloudy throughout the day.
2017-08-25,Mostly Cloudy,rain,11.1,0.77,15.5,150,10.0,1013.27,Mostly cloudy throughout the day.
2017-08-26,Mostly Cloudy,rain,11.4,0.77,13.9,163,10.4,1013.56,Mostly cloudy throughout the day.
2017-08-27,Mostly Cloudy,rain,13.0,0.81,14.5,209,10.0,1012.85,Mostly cloudy throughout the day.
2017-08-28,Mostly Cloudy,rain,17.2,0.62,25.0,221,11.3,1012.15,Mostly cloudy throughout the day.
2017-08-29,Mostly Cloudy,rain,17.7,0.53,27.4,230,11.4,1011.71,Mostly cloudy throughout the day.
2017-08-30,Overcast,rain,17.8,0.56,22.2,251,11.3,1011.28,Mostly cloudy throughout the day.
2017-08-31,Mostly Cloudy,rain,18.9,0.56,23.5,250,11.3,1010.99,Mostly cloudy throughout the day.
2017-09-01,Overcast,rain,18.7,0.56,19.9,240,11.4,1010.93,Mostly cloudy throughout the day.
2017-09-02,Overcast,rain,,0.56,17.5,243,11.3,1010.7,Mostly cloudy throughout the day.
2017-09-03,Overcast,rain,17.8,0.59,17.7,281,11.3,1010.52,Mostly cloudy throughout the day.
2017-09-04,Mostly Cloudy,rain,17.3,0.57,19.6,295,11.4,1010.69,Mostly cloudy throughout the day.
2017-09-05,Mostly Cloudy,rain,16.1,0.67,21.8,280,11.2,1010.86,Mostly cloudy throughout the day.
2017-09-06,Mostly Cloudy,rain,14.9,0.73,17.3,280,11.2,1011.14,Mostly cloudy throughout the day.
2017-09-07,Mostly Cloudy,rain,13.9,0.78,11.8,279,11.3,1011.64,Mostly cloudy throughout the day.
2017-09-08,Mostly Cloudy,rain,12.8,0.84,11.0,270,11.1,1012.02,Mostly cloudy throughout the day.
2017-09-09,Mostly Cloudy,rain,,0.84,11.1,277,15.7,1012.21,Mostly cloudy throughout the day.
2017-09-10,Mostly Cloudy,rain,12.4,0.86,7.3,239,14.9,1012.33,Mostly cloudy throughout the day.
2017-09-11,Mostly Cloudy,rain,11.2,0.93,6.9,241,15.8,1012.6,Partly cloudy throughout the day.
2017-09-12,Mostly Cloudy,rain,11.7,0.9,11.2,242,15.8,1012.8,Partly cloudy throughout the day.
2017-09-13,Partly Cloudy,rain,9.0,0.95,10.3,266,6.8,1012.66,Partly cloudy throughout the day.
2017-09-14,Mostly Cloudy,rain,10.6,0.93,11.2,278,14.9,1012.32,Partly cloudy throughout the day.
2017-09-15,Mostly Cloudy,rain,10.5,0.89,14.0,269,14.9,1012.33,Partly cloudy throughout the day.
2017-09-16,Mostly Cloudy,rain,10.6,0.87,7.3,269,14.2,1012.55,Partly cloudy throughout the day.
2017-09-17,Mostly Cloudy,rain,10.0,0.89,6.7,297,15.8,1012.71,Partly cloudy throughout the day.
2017-09-18,Mostly Cloudy,rain,11.0,0.86,7.9,307,10.0,1013.01,Partly cloudy throughout the day.
2017-09-19,Partly Cloudy,rain,13.5,0.75,11.9,305,10.0,1013.23,Partly cloudy throughout the day.
2017-09-20,Partly Cloudy,rain,13.9,0.68,20.0,308,11.2,1013.31,Partly cloudy throughout the day.
2017-09-21,Partly Cloudy,rain,15.0,0.67,17.6,300,11.2,1013.4,Partly cloudy throughout the day.
2017-09-22,Partly Cloudy,rain,17.2,0.57,16.0,319,11.4,1013.27,Partly cloudy throughout the day.
2017-09-23,Mostly Cloudy,rain,16.2,0.62,16.3,309,11.3,1013.02,Partly cloudy throughout the day.
2017-09-24,Mostly Cloudy,rain,17.8,0.56,17.8,290,11.2,1013.03,Partly cloudy throughout the day.
2017-09-25,Mostly Cloudy,rain,18.4,0.54,19.1,297,15.4,1012.55,Partly cloudy throughout the day.
2017-09-26,Partly Cloudy,rain,17.8,0.59,17.6,319,11.3,1012.03,Partly cloudy throughout the day.
2017-09-27,Partly Cloudy,rain,17.3,0.57,20.3,310,11.3,1011.81,Partly cloudy throughout the day.
2017-09-28,Partly Cloudy,rain,17.5,0.55,13.7,316,11.4,1011.33,Partly cloudy throughout the day.
2017-09-29,Mostly Cloudy,rain,17.3,0.54,14.4,309,10.0,1011.2,Partly cloudy throughout the day.
2017-09-30,Mostly Cloudy,rain,15.1,0.61,10.9,310,10.0,1011.5,Partly cloudy throughout the day.
2017-10-01,Mostly Cloudy,rain,13.3,0.69,4.7,325,10.0,1011.76,Partly cloudy throughout the day.
2017-10-02,Partly Cloudy,rain,12.3,0.72,4.7,282,10.0,1012.01,Partly cloudy throughout the day.
2017-10-03,Partly Cloudy,rain,10.7,0.79,3.6,281,15.8,1012.31,Partly cloudy throughout the day.
2017-10-04,Partly Cloudy,rain,9.9,0.85,5.7,274,15.0,1012.51,Partly cloudy throughout the day.
2017-10-05,Partly Cloudy,rain,9.5,0.88,11.3,280,12.0,1012.52,Partly cloudy until night.
2017-10-06,Partly Cloudy,rain,8.4,0.92,3.1,255,12.0,1012.61,Partly cloudy until night.
2017-10-07,Mostly Cloudy,rain,13.0,0.82,9.6,46,15.0,1011.27,Partly cloudy until night.
2017-10-08,Partly Cloudy,rain,,0.96,3.4,277,4.3,1012.54,Partly cloudy until night.
2017-10-09,Partly Cloudy,rain,6.1,0.96,3.3,284,4.1,1012.44,Partly cloudy until night.
2017-10-10,Partly Cloudy,rain,6.5,0.95,3.0,283,4.8,1012.62,Partly cloudy until night.
2017-10-11,Foggy,rain,6.6,0.96,3.3,313,2.9,1012.75,Partly cloudy until night.
2017-10-12,Clear,rain,8.7,0.93,1.4,290,5.8,1012.96,Partly cloudy until night.
2017-10-13,Partly Cloudy,rain,12.0,0.81,2.4,345,9.6,1013.38,Partly cloudy until night.
2017-10-14,Partly Cloudy,rain,13.8,0.78,4.2,16,9.7,1013.14,Partly cloudy until night.
2017-10-15,Partly Cloudy,rain,15.1,0.77,7.4,332,9.9,1013.33,Partly cloudy until night.
2017-10-16,Partly Cloudy,rain,16.5,0.68,7.8,350,11.1,1013.56,Partly cloudy until night.
2017-10-17,Partly Cloudy,rain,17.3,0.62,7.4,330,11.3,1013.61,Partly cloudy until night.
2017-10-18,Partly Cloudy,rain,17.9,0.64,8.4,12,11.3,1013.11,Partly cloudy until night.
2017-10-19,Partly Cloudy,rain,19.0,0.47,7.1,39,11.4,1012.69,Partly cloudy until night.
2017-10-20,Partly Cloudy,rain,19.0,0.51,10.9,3,11.3,1012.2,Partly cloudy until night.
2017-10-21,Partly Cloudy,rain,19.0,0.55,4.8,9,11.2,1011.7,Partly cloudy until night.
2017-10-22,Mostly Cloudy,rain,19.0,0.53,4.8,33,11.4,1011.4,Partly cloudy until night.
2017-10-23,Mostly Cloudy,rain,17.9,0.64,10.9,24,11.2,1011.32,Partly cloudy until night.
2017-10-24,Mostly Cloudy,rain,17.3,0.62,10.9,33,10.0,1011.23,Partly cloudy until night.
2017-10-25,Mostly Cloudy,rain,16.2,0.61,5.1,25,10.4,1011.5,Partly cloudy until night.
2017-10-26,Mostly Cloudy,rain,14.9,0.72,9.2,32,10.0,1012.05,Partly cloudy until night.
2017-10-27,Mostly Cloudy,rain,14.3,0.75,10.9,31,15.8,1012.15,Partly cloudy until night.
2017-10-28,Overcast,rain,14.5,0.75,6.4,47,15.0,1012.09,Partly cloudy until night.
2017-10-29,Overcast,rain,14.4,0.75,6.5,67,15.8,1011.83,Mostly cloudy until night.
2017-10-30,Overcast,rain,14.9,0.72,14.2,60,15.8,1011.45,Mostly cloudy until night.
2017-10-31,Foggy,rain,10.4,0.92,3.6,144,2.0,1012.05,Mostly cloudy until night.
2017-11-01,Overcast,rain,12.8,0.83,8.4,57,11.2,1011.18,Mostly cloudy until night.
2017-11-02,Overcast,rain,12.8,0.85,14.4,31,14.9,1010.07,Mostly cloudy until night.
2017-11-03,Overcast,rain,12.8,0.86,13.9,12,14.2,1009.83,Mostly cloudy until night.
2017-11-04,Overcast,rain,12.3,0.85,15.8,12,11.2,1009.8,Mostly cloudy until night.
2017-11-05,Overcast,rain,12.3,0.85,15.6,2,11.3,1009.99,Mostly cloudy until night.
2017-11-06,Mostly Cloudy,rain,12.2,0.82,12.4,11,11.1,1010.21,Mostly cloudy until night.
2017-11-07,Overcast,rain,12.2,0.8,20.4,11,11.3,1010.41,Mostly cloudy until night.
2017-11-08,Overcast,rain,12.7,0.83,22.1,19,11.3,1010.33,Mostly cloudy until night.
2017-11-09,Mostly Cloudy,rain,15.6,0.78,22.3,18,10.4,1010.43,Mostly cloudy until night.
2017-11-10,Mostly Cloudy,rain,16.0,0.78,18.1,20,11.2,1010.29,Mostly cloudy until night.
2017-11-11,Mostly Cloudy,rain,17.2,0.67,17.6,48,11.2,1010.1,Mostly cloudy until night.
2017-11-12,Overcast,rain,17.2,0.71,14.1,46,11.0,1009.96,Mostly cloudy until night.
2017-11-13,Mostly Cloudy,rain,17.8,0.69,13.4,29,11.2,1009.86,Mostly cloudy until night.
2017-11-14,Mostly Cloudy,rain,17.8,0.69,14.6,19,11.2,1009.47,Mostly cloudy until night.
2017-11-15,Partly Cloudy,rain,17.7,0.69,9.2,340,11.0,1009.63,Mostly cloudy until night.
2017-11-16,Mostly Cloudy,rain,16.3,0.71,23.1,39,11.2,1009.39,Mostly cloudy until night.
2017-11-17,Overcast,rain,13.2,0.93,3.8,335,5.2,1011.07,Mostly cloudy until night.
2017-11-18,Overcast,rain,13.3,0.93,3.1,228,8.1,1011.23,Mostly cloudy until night.
2017-11-19,Overcast,rain,13.0,0.93,10.3,274,10.0,1011.35,Mostly cloudy until night.
2017-11-20,Mostly Cloudy,rain,,0.91,5.8,310,14.9,1011.67,Mostly cloudy until night.
2017-11-21,Mostly Cloudy,rain,12.5,0.9,9.9,315,14.6,1011.76,Mostly cloudy until night.
2017-11-22,Mostly Cloudy,rain,9.6,0.8,6.5,146,15.8,1015.68,Partly cloudy throughout the day.
2017-11-23,Mostly Cloudy,rain,,0.79,14.0,160,15.8,1015.41,Partly cloudy throughout the day.
2017-11-24,Partly Cloudy,rain,8.7,0.93,4.6,40,11.4,1014.98,Partly cloudy throughout the day.
2017-11-25,Mostly Cloudy,rain,10.5,0.77,10.8,143,15.8,1015.18,Partly cloudy throughout the day.
2017-11-26,Mostly Cloudy,rain,9.4,0.83,6.5,133,15.8,1014.7,Partly cloudy throughout the day.
2017-11-27,Mostly Cloudy,rain,9.9,0.83,6.1,163,15.0,1014.64,Partly cloudy throughout the day.
2017-11-28,Mostly Cloudy,rain,10.4,0.78,10.7,136,15.8,1014.31,Partly cloudy throughout the day.
2017-11-29,Partly Cloudy,rain,8.9,0.89,10.5,158,11.2,1014.63,Partly cloudy throughout the day.
2017-11-30,Partly Cloudy,rain,10.0,0.84,8.0,151,11.0,1014.82,Partly cloudy throughout the day.
2017-12-01,Mostly Cloudy,rain,12.2,0.73,2.5,355,10.0,1014.82,Partly cloudy throughout the day.
2017-12-02,Mostly Cloudy,rain,14.0,0.67,9.3,123,10.0,1015,Partly cloudy throughout the day.
2017-12-03,Mostly Cloudy,rain,14.9,0.67,7.2,132,10.4,1014.9,Partly cloudy throughout the day.
2017-12-04,Mostly Cloudy,rain,16.2,0.71,11.8,199,10.0,1014.35,Partly cloudy throughout the day.
2017-12-05,Partly Cloudy,rain,16.4,0.61,7.1,227,11.3,1014.51,Partly cloudy throughout the day.
2017-12-06,Partly Cloudy,rain,17.4,0.57,3.6,251,11.4,1014.32,Partly cloudy throughout the day.
2017-12-07,Partly Cloudy,rain,17.7,0.51,1.8,156,11.3,1013.93,Partly cloudy throughout the day.
2017-12-08,Partly Cloudy,rain,17.7,0.53,8.7,113,11.3,1013.45,Partly cloudy throughout the day.
2017-12-09,Partly Cloudy,rain,16.2,0.61,2.8,261,11.4,1013.43,Partly cloudy throughout the day.
2017-12-10,Mostly Cloudy,rain,14.1,0.71,9.2,357,11.2,1013.58,Partly cloudy throughout the day.
2017-12-11,Partly Cloudy,rain,14.0,0.76,7.4,147,11.2,1013.24,Partly cloudy throughout the day.
2017-12-12,Partly Cloudy,rain,12.3,0.8,3.5,161,11.0,1013.7,Partly cloudy throughout the day.
2017-12-13,Partly Cloudy,rain,10.0,0.86,3.1,149,9.9,1014.14,Partly cloudy throughout the day.
2017-12-14,Partly Cloudy,rain,9.4,0.86,6.4,190,15.6,1014.34,Partly cloudy throughout the day.
2017-12-15,Partly Cloudy,rain,9.4,0.9,4.6,138,14.7,1014.6,Partly cloudy throughout the day.
2017-12-16,Partly Cloudy,rain,11.8,0.92,3.0,311,15.8,1011.68,Foggy starting overnight continuing until morning.
2017-12-17,Foggy,rain,10.8,0.91,5.2,178,0.6,1011.98,Foggy starting overnight continuing until morning.
2017-12-18,Mostly Cloudy,rain,12.2,0.95,2.8,298,3.6,1015.64,Foggy starting overnight continuing until morning.
2017-12-19,Foggy,rain,9.7,0.94,5.7,123,0.6,1012.26,Foggy starting overnight continuing until morning.
2017-12-20,Foggy,rain,8.2,0.94,6.8,10,0.6,1012.63,Foggy starting overnight continuing until morning.
2017-12-21,Foggy,rain,10.2,0.95,5.6,133,1.1,1012.62,Foggy starting overnight continuing until morning.
2017-12-22,Foggy,rain,10.1,0.99,2.3,127,0.5,1012.85,Foggy starting overnight continuing until morning.
2017-12-23,Foggy,rain,10.2,0.99,0.3,81,0.4,1013.61,Foggy starting overnight continuing until morning.
2017-12-24,Foggy,rain,11.2,0.98,2.8,358,0.7,1013.9,Foggy starting overnight continuing until morning.
2017-12-25,Foggy,rain,12.2,0.99,2.3,152,2.2,1014.31,Foggy starting overnight continuing until morning.
2017-12-26,Overcast,rain,13.9,0.92,8.1,135,4.2,1014.43,Foggy starting overnight continuing until morning.
2017-12-27,Partly Cloudy,rain,15.6,0.82,2.3,153,6.3,1014.73,Foggy starting overnight continuing until morning.
2017-12-28,Partly Cloudy,rain,15.1,0.86,3.3,120,6.3,1014.92,Foggy starting overnight continuing until morning.
2017-12-29,Partly Cloudy,rain,15.1,0.82,7.6,162,8.2,1014.73,Foggy starting overnight continuing until morning.
2017-12-30,Overcast,rain,14.3,0.87,10.6,134,6.9,1014.92,Foggy starting overnight continuing until morning.
2017-12-31,Mostly Cloudy,rain,16.0,0.81,6.7,115,7.3,1014.76,Foggy starting overnight continuing until morning.
2018-01-01,Overcast,rain,15.0,0.86,7.7,139,7.3,1014.37,Foggy starting overnight continuing until morning.
2018-01-02,Overcast,rain,13.9,0.89,7.3,152,6.3,1014.83,Foggy starting overnight continuing until morning.
2018-01-03,Overcast,rain,12.9,0.95,11.5,310,4.7,1015.11,Foggy starting overnight continuing until morning.
2018-01-04,Overcast,rain,12.9,0.95,5.3,347,5.2,1015.14,Foggy starting overnight continuing until morning.
2018-01-05,Overcast,rain,12.4,0.98,2.4,72,5.8,1015.5,Foggy starting overnight continuing until morning.
2018-01-06,Clear,rain,,0.99,8.1,320,6.2,1015.76,Foggy starting overnight continuing until morning.
2018-01-07,Mostly Cloudy,rain,12.2,0.96,6.2,349,6.2,1016.35,Foggy starting overnight continuing until morning.
2018-01-08,Mostly Cloudy,rain,11.3,0.96,2.8,335,3.8,1016.38,Foggy starting overnight continuing until morning.
2018-01-09,Mostly Cloudy,rain,11.5,0.96,3.2,358,4.5,1016.43,Foggy in the morning.
2018-01-10,Foggy,rain,11.5,0.96,6.0,301,3.1,1016.56,Foggy in the morning.
2018-01-11,Foggy,rain,9.4,0.96,6.0,326,1.8,1017.23,Foggy in the morning.
2018-01-12,Overcast,rain,11.4,0.96,6.3,340,3.9,1016.17,Foggy in the morning.
2018-01-13,Overcast,rain,11.4,0.96,6.4,350,3.9,1016.25,Foggy in the morning.
2018-01-14,Overcast,rain,11.5,0.96,6.4,332,3.3,1016.13,Foggy in the morning.
2018-01-15,Foggy,rain,11.9,0.93,4.8,340,0.6,1016.17,Foggy in the morning.
2018-01-16,Foggy,rain,12.0,1,9.7,10,1.3,1016.45,Foggy in the morning.
2018-01-17,Foggy,rain,12.6,0.96,7.7,7,2.4,1016.94,Foggy in the morning.
2018-01-18,Overcast,rain,12.8,0.96,8.0,1,4.0,1017.06,Foggy in the morning.
2018-01-19,Overcast,rain,13.8,0.9,7.9,30,4.5,1017.45,Foggy in the morning.
2018-01-20,Overcast,rain,13.2,0.94,10.4,8,6.3,1017.77,Foggy in the morning.
2018-01-21,Mostly Cloudy,rain,,0.86,8.1,345,6.2,1017.73,Foggy in the morning.
2018-01-22,Partly Cloudy,rain,17.2,0.75,7.2,308,11.3,1017.53,Foggy in the morning.
2018-01-23,Partly Cloudy,rain,16.3,0.76,13.3,352,11.0,1017.31,Foggy in the morning.
2018-01-24,Partly Cloudy,rain,17.4,0.74,13.6,353,11.3,1016.82,Foggy in the morning.
2018-01-25,Mostly Cloudy,rain,15.3,0.76,8.3,85,11.3,1016.6,Foggy in the morning.
2018-01-26,Partly Cloudy,rain,17.5,0.72,5.3,49,11.1,1016.39,Foggy in the morning.
2018-01-27,Partly Cloudy,rain,16.2,0.77,11.2,21,11.3,1016.33,Foggy in the morning.
2018-01-28,Partly Cloudy,rain,15.1,0.82,3.7,23,11.3,1016.52,Foggy in the morning.
2018-01-29,Partly Cloudy,rain,14.0,0.88,1.1,35,9.6,1016.81,Foggy in the morning.
2018-01-30,Partly Cloudy,rain,12.2,0.92,0.7,30,8.1,1017.34,Foggy in the morning.
2018-01-31,Foggy,rain,11.1,0.95,4.8,56,1.1,1017.54,Foggy in the morning.
2018-02-01,Foggy,rain,11.1,0.95,3.4,11,1.8,1017.43,Foggy in the morning.
2018-02-02,Foggy,rain,9.9,0.96,3.4,349,1.1,1017.65,Foggy starting overnight continuing until morning.
2018-02-03,Clear,rain,9.4,0.96,6.4,321,3.4,1017.56,Foggy starting overnight continuing until morning.
2018-02-04,Clear,rain,9.9,0.96,3.2,319,4.5,1016.16,Foggy starting overnight continuing until morning.
2018-02-05,Foggy,rain,8.3,0.99,3.3,313,1.9,1017.16,Foggy starting overnight continuing until morning.
2018-02-06,Foggy,rain,8.9,0.96,2.6,337,1.8,1017.15,Foggy starting overnight continuing until morning.
2018-02-07,Foggy,rain,8.8,0.96,3.9,335,2.4,1017.28,Foggy starting overnight continuing until morning.
2018-02-08,Foggy,rain,7.2,1,1.9,319,0.3,1017.15,Foggy starting overnight continuing until morning.
2018-02-09,Foggy,rain,8.9,0.99,3.5,295,1.8,1017.36,Foggy starting overnight continuing until morning.
2018-02-10,Foggy,rain,11.2,0.93,2.9,285,2.6,1017.7,Foggy starting overnight continuing until morning.
2018-02-11,Mostly Cloudy,rain,12.4,0.98,3.4,349,6.3,1017.72,Foggy starting overnight continuing until morning.
2018-02-12,Mostly Cloudy,rain,14.1,0.88,4.9,339,10.0,1017.82,Foggy starting overnight continuing until morning.
2018-02-13,Partly Cloudy,rain,17.1,0.72,3.1,308,11.1,1017.77,Foggy starting overnight continuing until morning.
2018-02-14,Partly Cloudy,rain,18.9,0.64,4.2,306,11.3,1017.3,Foggy starting overnight continuing until morning.
2018-02-15,Partly Cloudy,rain,17.9,0.68,4.1,6,11.3,1016.9,Foggy starting overnight continuing until morning.
2018-02-16,Partly Cloudy,rain,20.0,0.53,1.2,72,11.1,1016.4,Foggy starting overnight continuing until morning.
2018-02-17,Partly Cloudy,rain,20.1,0.62,9.1,352,11.3,1015.9,Foggy starting overnight continuing until morning.
2018-02-18,Partly Cloudy,rain,20.1,0.56,9.5,2,11.3,1015.29,Foggy starting overnight continuing until morning.
2018-02-19,Partly Cloudy,rain,20.1,0.58,7.5,15,11.4,1014.9,Foggy starting overnight continuing until morning.
2018-02-20,Partly Cloudy,rain,19.1,0.63,9.1,23,11.2,1014.68,Foggy starting overnight continuing until morning.
2018-02-21,Partly Cloudy,rain,17.5,0.62,7.6,24,11.2,1014.78,Foggy starting overnight continuing until morning.
2018-02-22,Partly Cloudy,rain,15.6,0.74,0.5,116,10.0,1015.04,Foggy starting overnight continuing until morning.
2018-02-23,Clear,rain,12.5,0.91,3.9,197,10.0,1015.51,Foggy starting overnight continuing until morning.
2018-02-24,Clear,rain,12.2,0.89,1.5,140,15.8,1015.72,Foggy starting overnight continuing until morning.
2018-02-25,Clear,rain,11.4,0.92,3.0,275,15.0,1015.79,Foggy starting overnight continuing until morning.
2018-02-26,Clear,rain,10.6,0.95,6.0,290,14.8,1015.83,Foggy in the morning.
2018-02-27,Clear,rain,10.5,0.93,3.1,270,9.8,1015.95,Foggy in the morning.
2018-02-28,Partly Cloudy,rain,10.3,0.95,5.3,278,4.7,1017.13,Foggy in the morning.
2018-03-01,Clear,rain,9.4,0.96,1.5,100,4.0,1015.82,Foggy in the morning.
2018-03-02,Foggy,rain,8.3,0.96,3.2,300,2.0,1015.82,Foggy in the morning.
2018-03-03,Foggy,rain,8.8,0.96,3.4,333,1.7,1015.89,Foggy in the morning.
2018-03-04,Foggy,rain,8.7,0.93,6.3,304,0.8,1015.83,Foggy in the morning.
2018-03-05,Partly Cloudy,rain,11.9,0.93,11.3,140,9.8,1016.12,Foggy in the morning.
2018-03-06,Partly Cloudy,rain,14.5,0.84,1.7,129,9.5,1016.23,Foggy in the morning.
2018-03-07,Partly Cloudy,rain,18.7,0.68,3.2,300,10.0,1016.23,Foggy in the morning.
2018-03-08,Partly Cloudy,rain,20.0,0.6,7.2,160,10.0,1016.38,Foggy in the morning.
2018-03-09,Partly Cloudy,rain,21.0,0.55,6.5,209,10.0,1016.66,Foggy in the morning.
2018-03-10,Partly Cloudy,rain,,0.46,6.5,179,15.9,1016.58,Foggy in the morning.
2018-03-11,Partly Cloudy,rain,22.3,0.48,7.5,235,11.3,1016.27,Foggy in the morning.
2018-03-12,Partly Cloudy,rain,22.1,0.5,6.5,145,11.4,1015.96,Foggy in the morning.
2018-03-13,Partly Cloudy,rain,22.7,0.38,1.0,262,10.0,1015.34,Foggy in the morning.
2018-03-14,Partly Cloudy,rain,22.8,0.37,5.2,90,10.0,1014.7,Foggy in the morning.
2018-03-15,Partly Cloudy,rain,21.2,0.41,7.3,58,11.4,1015.2,Foggy in the morning.
2018-03-16,Partly Cloudy,rain,20.2,0.45,1.5,179,10.0,1014.87,Foggy in the morning.
2018-03-17,Partly Cloudy,rain,18.0,0.68,0.3,157,10.0,1014.78,Foggy in the morning.
2018-03-18,Partly Cloudy,rain,17.4,0.65,0.5,139,10.0,1015.54,Foggy in the morning.
2018-03-19,Partly Cloudy,rain,14.0,0.82,0.0,0,10.0,1016.01,Foggy in the morning.
2018-03-20,Partly Cloudy,rain,13.3,0.89,2.9,329,15.8,1016.52,Foggy in the morning.
2018-03-21,Partly Cloudy,rain,12.3,0.89,2.5,262,10.0,1016.96,Foggy in the morning.
2018-03-22,Partly Cloudy,rain,11.1,0.95,3.2,268,6.3,1017.04,Partly cloudy until evening.
2018-03-23,Partly Cloudy,rain,10.5,0.95,11.3,280,6.3,1017.33,Partly cloudy until evening.
2018-03-24,Clear,rain,12.4,0.8,4.6,172,14.2,1019.59,Partly cloudy until evening.
2018-03-25,Partly Cloudy,rain,9.9,0.96,3.1,273,3.8,1017.25,Partly cloudy until evening.
2018-03-26,Partly Cloudy,rain,8.9,0.95,1.5,320,3.4,1017.42,Partly cloudy until evening.
2018-03-27,Partly Cloudy,rain,8.7,0.94,3.6,317,4.3,1017.74,Partly cloudy until evening.
2018-03-28,Foggy,rain,7.7,1,0.0,0,0.7,1018.13,Partly cloudy until evening.
2018-03-29,Clear,rain,10.9,0.99,1.6,210,4.1,1018.62,Partly cloudy until evening.
2018-03-30,Clear,rain,14.8,0.82,2.7,193,8.3,1019.08,Partly cloudy until evening.
2018-03-31,Clear,rain,18.8,0.65,1.5,140,10.0,1019.11,Partly cloudy until evening.
2018-04-01,Clear,rain,21.1,0.49,4.9,199,10.0,1019.5,Partly cloudy until evening.
2018-04-02,Partly Cloudy,rain,22.0,0.49,4.3,226,11.0,1019.86,Partly cloudy until evening.
2018-04-03,Partly Cloudy,rain,22.8,0.47,3.6,188,11.2,1019.79,Partly cloudy until evening.
2018-04-04,Partly Cloudy,rain,22.9,0.37,4.6,292,10.0,1019.47,Partly cloudy until evening.
2018-04-05,Partly Cloudy,rain,23.9,0.37,6.3,154,10.4,1019.25,Partly cloudy until evening.
2018-04-06,Partly Cloudy,rain,23.9,0.4,2.6,333,10.0,1018.89,Partly cloudy until evening.
2018-04-07,Partly Cloudy,rain,23.9,0.37,4.3,178,10.0,1018.6,Partly cloudy until evening.
2018-04-08,Partly Cloudy,rain,23.9,0.32,1.2,205,10.4,1018.67,Partly cloudy until evening.
2018-04-09,Partly Cloudy,rain,22.8,0.44,3.1,214,10.0,1018.59,Partly cloudy until evening.
2018-04-10,Partly Cloudy,rain,21.2,0.48,0.4,181,10.0,1018.67,Partly cloudy until evening.
2018-04-11,Partly Cloudy,rain,19.1,0.51,2.7,185,10.0,1019.22,Partly cloudy until evening.
2018-04-12,Partly Cloudy,rain,17.1,0.63,1.6,228,10.0,1019.88,Partly cloudy until evening.
2018-04-13,Clear,rain,14.9,0.72,3.8,136,15.8,1019.91,Partly cloudy until evening.
2018-04-14,Clear,rain,13.1,0.87,3.4,185,15.0,1020.02,Partly cloudy until evening.
2018-04-15,Clear,rain,12.7,0.89,3.3,169,15.8,1020.11,Partly cloudy starting in the morning.
2018-04-16,Clear,rain,12.1,0.89,3.2,148,14.9,1020.12,Partly cloudy starting in the morning.
2018-04-17,Clear,rain,11.8,0.84,5.0,68,15.0,1018.38,Partly cloudy starting in the morning.
2018-04-18,Clear,rain,12.0,0.8,6.3,169,14.9,1019.91,Partly cloudy starting in the morning.
2018-04-19,Clear,rain,12.0,0.8,6.4,187,14.8,1020.03,Partly cloudy starting in the morning.
2018-04-20,Partly Cloudy,rain,10.6,0.86,9.7,151,14.1,1020.39,Partly cloudy starting in the morning.
2018-04-21,Clear,rain,,0.99,9.1,141,6.1,1020.6,Partly cloudy starting in the morning.
2018-04-22,Mostly Cloudy,rain,12.6,0.9,7.7,169,9.9,1020.81,Partly cloudy starting in the morning.
2018-04-23,Partly Cloudy,rain,15.0,0.78,8.8,154,9.9,1021.01,Partly cloudy starting in the morning.
2018-04-24,Partly Cloudy,rain,17.3,0.74,12.2,150,10.0,1020.94,Partly cloudy starting in the morning.
2018-04-25,Partly Cloudy,rain,19.1,0.67,12.6,150,10.0,1020.66,Partly cloudy starting in the morning.
2018-04-26,Partly Cloudy,rain,21.3,0.57,9.9,147,10.4,1020.53,Partly cloudy starting in the morning.
2018-04-27,Partly Cloudy,rain,22.4,0.54,11.4,168,11.2,1020.16,Partly cloudy starting in the morning.
2018-04-28,Mostly Cloudy,rain,22.9,0.5,8.5,155,11.2,1019.95,Partly cloudy starting in the morning.
2018-04-29,Mostly Cloudy,rain,23.9,0.47,11.3,153,11.4,1019.43,Partly cloudy starting in the morning.
2018-04-30,Mostly Cloudy,rain,24.0,0.47,8.3,142,10.0,1018.97,Partly cloudy starting in the morning.
2018-05-01,Mostly Cloudy,rain,24.0,0.38,8.6,150,10.0,1018.28,Partly cloudy starting in the morning.
2018-05-02,Mostly Cloudy,rain,23.1,0.42,10.7,145,10.4,1017.97,Partly cloudy starting in the morning.
2018-05-03,Mostly Cloudy,rain,22.8,0.44,12.5,178,10.0,1017.68,Partly cloudy starting in the morning.
2018-05-04,Mostly Cloudy,rain,21.1,0.47,5.2,137,10.0,1017.89,Partly cloudy starting in the morning.
2018-05-05,Mostly Cloudy,rain,18.2,0.58,4.9,95,10.4,1017.96,Partly cloudy starting in the morning.
2018-05-06,Mostly Cloudy,rain,16.0,0.72,4.6,50,10.0,1018.31,Partly cloudy starting in the morning.
2018-05-07,Partly Cloudy,rain,15.5,0.72,6.4,80,15.8,1018.6,Partly cloudy starting in the morning.
2018-05-08,Partly Cloudy,rain,14.6,0.76,6.7,83,15.0,1018.65,Partly cloudy starting in the morning.
2018-05-09,Clear,rain,13.3,0.82,3.5,73,15.8,1018.44,Mostly cloudy starting overnight continuing until night.
2018-05-10,Clear,rain,12.7,0.83,3.1,70,15.8,1018.23,Mostly cloudy starting overnight continuing until night.
2018-05-11,Partly Cloudy,rain,13.8,0.77,6.1,50,15.0,1014.58,Mostly cloudy starting overnight continuing until night.
2018-05-12,Partly Cloudy,rain,10.6,0.88,6.4,190,15.8,1018.11,Mostly cloudy starting overnight continuing until night.
2018-05-13,Partly Cloudy,rain,10.5,0.92,3.2,340,15.5,1017.73,Mostly cloudy starting overnight continuing until night.
2018-05-14,Partly Cloudy,rain,10.3,0.91,3.8,48,14.9,1017.7,Mostly cloudy starting overnight continuing until night.
2018-05-15,Clear,rain,10.0,0.92,1.6,106,11.0,1017.62,Mostly cloudy starting overnight continuing until night.
2018-05-16,Mostly Cloudy,rain,13.6,0.9,2.7,193,9.8,1017.54,Mostly cloudy starting overnight continuing until night.
2018-05-17,Mostly Cloudy,rain,16.7,0.74,7.2,147,10.4,1017.7,Mostly cloudy starting overnight continuing until night.
2018-05-18,Mostly Cloudy,rain,18.8,0.65,3.4,94,10.0,1017.78,Mostly cloudy starting overnight continuing until night.
2018-05-19,Mostly Cloudy,rain,21.2,0.59,4.6,178,10.0,1017.3,Mostly cloudy starting overnight continuing until night.
2018-05-20,Mostly Cloudy,rain,22.6,0.53,4.4,117,10.4,1017.19,Mostly cloudy starting overnight continuing until night.
2018-05-21,Mostly Cloudy,rain,22.9,0.48,7.7,53,11.3,1016.68,Mostly cloudy starting overnight continuing until night.
2018-05-22,Mostly Cloudy,rain,24.0,0.47,9.7,82,11.2,1016.08,Mostly cloudy starting overnight continuing until night.
2018-05-23,Mostly Cloudy,rain,24.0,0.35,8.0,70,11.4,1015.62,Mostly cloudy starting overnight continuing until night.
2018-05-24,Mostly Cloudy,rain,24.0,0.44,9.3,136,11.2,1014.86,Mostly cloudy starting overnight continuing until night.
2018-05-25,Mostly Cloudy,rain,25.0,0.32,3.6,185,11.2,1013.97,Mostly cloudy starting overnight continuing until night.
2018-05-26,Mostly Cloudy,rain,24.1,0.35,5.0,101,10.4,1013.39,Mostly cloudy starting overnight continuing until night.
2018-05-27,Mostly Cloudy,rain,22.4,0.45,9.5,102,10.0,1013.18,Mostly cloudy starting overnight continuing until night.
2018-05-28,Mostly Cloudy,rain,21.2,0.52,3.7,101,10.0,1013.21,Mostly cloudy starting overnight continuing until night.
2018-05-29,Mostly Cloudy,rain,18.3,0.62,6.2,28,10.4,1013.75,Mostly cloudy starting overnight continuing until night.
2018-05-30,Mostly Cloudy,rain,17.2,0.67,14.5,30,10.0,1014.13,Mostly cloudy starting overnight continuing until night.
2018-05-31,Partly Cloudy,rain,16.0,0.75,3.1,54,10.0,1014.13,Mostly cloudy starting overnight continuing until night.
2018-06-01,Clear,rain,16.0,0.79,12.3,23,11.9,1014.06,Mostly cloudy starting overnight continuing until night.
2018-06-02,Mostly Cloudy,rain,15.4,0.72,13.8,31,15.8,1013.92,Mostly cloudy throughout the day.
2018-06-03,Partly Cloudy,rain,14.4,0.75,11.0,52,15.8,1013.82,Mostly cloudy throughout the day.
2018-06-04,Mostly Cloudy,rain,13.6,0.9,10.0,53,12.0,1012.67,Mostly cloudy throughout the day.
2018-06-05,Partly Cloudy,rain,12.8,0.82,6.2,48,15.8,1013.04,Mostly cloudy throughout the day.
2018-06-06,Partly Cloudy,rain,12.8,0.83,3.3,72,15.8,1013.03,Mostly cloudy throughout the day.
2018-06-07,Partly Cloudy,rain,11.4,0.92,6.2,38,15.3,1012.98,Mostly cloudy throughout the day.
2018-06-08,Partly Cloudy,rain,12.3,0.86,2.5,139,10.0,1012.83,Mostly cloudy throughout the day.
2018-06-09,Mostly Cloudy,rain,14.9,0.78,10.3,160,10.0,1013.03,Mostly cloudy throughout the day.
2018-06-10,Mostly Cloudy,rain,15.9,0.74,10.3,154,10.0,1013.13,Mostly cloudy throughout the day.
2018-06-11,Mostly Cloudy,rain,17.2,0.72,12.1,147,10.0,1013.13,Mostly cloudy throughout the day.
2018-06-12,Mostly Cloudy,rain,17.8,0.73,7.5,166,10.0,1013.1,Mostly cloudy throughout the day.
2018-06-13,Mostly Cloudy,rain,17.9,0.72,10.1,158,10.0,1013.17,Mostly cloudy throughout the day.
2018-06-14,Mostly Cloudy,rain,19.1,0.67,9.1,128,10.0,1013,Mostly cloudy throughout the day.
2018-06-15,Mostly Cloudy,rain,20.1,0.67,7.5,177,10.0,1012.69,Mostly cloudy throughout the day.
2018-06-16,Mostly Cloudy,rain,20.3,0.62,3.9,166,10.0,1012.54,Mostly cloudy throughout the day.
2018-06-17,Mostly Cloudy,rain,21.2,0.62,4.6,170,10.0,1011.87,Mostly cloudy throughout the day.
2018-06-18,Overcast,rain,21.3,0.67,4.9,164,10.0,1011.19,Mostly cloudy throughout the day.
2018-06-19,Overcast,rain,20.2,0.66,7.2,161,10.0,1011.17,Mostly cloudy throughout the day.
2018-06-20,Overcast,rain,19.1,0.71,7.6,153,10.0,1011.08,Mostly cloudy throughout the day.
2018-06-21,Mostly Cloudy,rain,17.9,0.77,10.6,142,10.0,1011.28,Mostly cloudy throughout the day.
2018-06-22,Mostly Cloudy,rain,15.5,0.82,20.6,151,11.0,1012.08,Mostly cloudy throughout the day.
2018-06-23,Mostly Cloudy,rain,14.1,0.89,8.4,146,9.9,1012.64,Mostly cloudy throughout the day.
2018-06-24,Mostly Cloudy,rain,14.5,0.86,11.1,103,11.9,1012.79,Mostly cloudy throughout the day.
2018-06-25,Mostly Cloudy,rain,14.1,0.86,3.7,142,11.7,1012.79,Mostly cloudy throughout the day.
2018-06-26,Mostly Cloudy,rain,13.4,0.9,3.5,116,12.0,1012.56,Mostly cloudy throughout the day.
2018-06-27,Mostly Cloudy,rain,13.4,0.9,3.3,71,12.0,1012.8,Mostly cloudy throughout the day.
2018-06-28,Partly Cloudy,rain,11.6,0.74,5.5,139,15.0,1009.9,Mostly cloudy throughout the day.
2018-06-29,Mostly Cloudy,rain,14.4,0.83,10.8,63,14.9,1011.91,Mostly cloudy throughout the day.
2018-06-30,Mostly Cloudy,rain,13.9,0.86,10.7,72,14.8,1011.72,Mostly cloudy throughout the day.
2018-07-01,Mostly Cloudy,rain,13.4,0.9,10.3,82,14.1,1011.51,Mostly cloudy throughout the day.
2018-07-02,Overcast,rain,13.9,0.9,7.9,106,9.9,1011.51,Mostly cloudy throughout the day.
2018-07-03,Mostly Cloudy,rain,14.9,0.84,11.3,108,9.8,1011.6,Mostly cloudy throughout the day.
2018-07-04,Mostly Cloudy,rain,15.9,0.74,10.7,132,9.4,1011.59,Mostly cloudy throughout the day.
2018-07-05,Mostly Cloudy,rain,17.1,0.65,19.9,138,9.9,1011.41,Mostly cloudy throughout the day.
2018-07-06,Mostly Cloudy,rain,18.8,0.58,19.4,157,9.9,1011.2,Mostly cloudy throughout the day.
2018-07-07,Mostly Cloudy,rain,19.0,0.6,17.0,147,10.0,1011.25,Mostly cloudy throughout the day.
2018-07-08,Mostly Cloudy,rain,20.0,0.54,16.9,136,10.0,1010.98,Mostly cloudy throughout the day.
2018-07-09,Mostly Cloudy,rain,21.1,0.5,17.3,129,10.0,1010.48,Mostly cloudy throughout the day.
2018-07-10,Mostly Cloudy,rain,21.1,0.46,22.0,140,10.4,1010.24,Mostly cloudy throughout the day.
2018-07-11,Partly Cloudy,rain,21.2,0.43,19.8,157,10.0,1009.55,Mostly cloudy throughout the day.
2018-07-12,Partly Cloudy,rain,21.2,0.41,16.5,156,11.3,1009.04,Mostly cloudy throughout the day.
2018-07-13,Partly Cloudy,rain,20.1,0.45,13.8,137,11.4,1008.55,Mostly cloudy throughout the day.
2018-07-14,Mostly Cloudy,rain,19.0,0.51,9.8,147,11.3,1008.17,Mostly cloudy throughout the day.
2018-07-15,Mostly Cloudy,rain,17.8,0.59,14.1,121,11.2,1008.46,Mostly cloudy throughout the day.
2018-07-16,Mostly Cloudy,rain,16.3,0.66,11.3,122,9.9,1008.94,Mostly cloudy throughout the day.
2018-07-17,Partly Cloudy,rain,15.0,0.72,13.9,129,11.3,1009.55,Mostly cloudy throughout the day.
2018-07-18,Mostly Cloudy,rain,14.5,0.65,11.0,139,14.8,1009.57,Mostly cloudy throughout the day.
2018-07-19,Partly Cloudy,rain,13.9,0.6,10.8,150,15.0,1009.53,Mostly cloudy throughout the day.
2018-07-20,Partly Cloudy,rain,12.3,0.65,11.2,139,15.8,1009.56,Mostly cloudy until night.
2018-07-21,Partly Cloudy,rain,11.8,0.66,10.9,159,15.8,1009.47,Mostly cloudy until night.
2018-07-22,Mostly Cloudy,rain,10.8,0.62,13.2,142,15.0,1011.18,Mostly cloudy until night.
2018-07-23,Partly Cloudy,rain,10.1,0.73,10.9,141,15.8,1009.25,Mostly cloudy until night.
2018-07-24,Partly Cloudy,rain,10.6,0.71,11.1,160,14.9,1008.87,Mostly cloudy until night.
2018-07-25,Partly Cloudy,rain,10.6,0.69,13.5,157,15.0,1008.82,Mostly cloudy until night.
2018-07-26,Mostly Cloudy,rain,10.1,0.71,15.6,139,10.0,1008.84,Mostly cloudy until night.
2018-07-27,Mostly Cloudy,rain,11.2,0.71,21.5,149,10.0,1009.07,Mostly cloudy until night.
2018-07-28,Partly Cloudy,rain,12.9,0.67,23.0,150,10.4,1009.23,Mostly cloudy until night.
2018-07-29,Clear,rain,,0.6,26.5,149,11.2,1009.25,Mostly cloudy until night.
2018-07-30,Mostly Cloudy,rain,15.2,0.59,26.7,149,10.0,1009.44,Mostly cloudy until night.
2018-07-31,Mostly Cloudy,rain,16.3,0.56,23.4,149,10.4,1009.76,Mostly cloudy until night.
2018-08-01,Mostly Cloudy,rain,,0.46,28.1,148,10.0,1009.34,Mostly cloudy until night.
2018-08-02,Mostly Cloudy,rain,17.9,0.46,27.9,158,10.0,1009.14,Mostly cloudy until night.
2018-08-03,Mostly Cloudy,rain,18.9,0.41,25.7,155,10.4,1009.01,Mostly cloudy until night.
2018-08-04,Mostly Cloudy,rain,18.0,0.43,26.4,158,10.0,1008.83,Mostly cloudy until night.
2018-08-05,Mostly Cloudy,rain,18.0,0.51,25.1,129,10.0,1008.43,Mostly cloudy until night.
2018-08-06,Mostly Cloudy,rain,17.4,0.47,25.6,141,10.4,1008.7,Mostly cloudy until night.
2018-08-07,Mostly Cloudy,rain,16.3,0.52,23.3,148,10.0,1009.03,Mostly cloudy until night.
2018-08-08,Mostly Cloudy,rain,14.1,0.47,20.0,158,10.0,1009.42,Mostly cloudy until night.
2018-08-09,Mostly Cloudy,rain,13.0,0.55,15.0,157,10.4,1010.18,Mostly cloudy until night.
2018-08-10,Mostly Cloudy,rain,12.2,0.52,22.9,160,10.0,1010.85,Mostly cloudy until night.
2018-08-11,Mostly Cloudy,rain,11.7,0.57,19.7,159,15.8,1011.08,Mostly cloudy until night.
2018-08-12,Mostly Cloudy,rain,11.2,0.59,20.7,157,15.0,1011.22,Mostly cloudy until night.
2018-08-13,Partly Cloudy,rain,9.2,0.9,5.8,189,14.6,1014.24,Partly cloudy until night.
2018-08-14,Partly Cloudy,rain,8.7,0.9,5.2,246,11.7,1014.73,Partly cloudy until night.
2018-08-15,Mostly Cloudy,rain,9.2,0.77,12.3,328,15.0,1013.46,Partly cloudy until night.
2018-08-16,Partly Cloudy,rain,8.6,0.93,6.3,80,11.7,1014.81,Partly cloudy until night.
2018-08-17,Partly Cloudy,rain,7.5,0.93,1.9,149,9.7,1014.35,Partly cloudy until night.
2018-08-18,Partly Cloudy,rain,6.2,0.95,9.7,302,9.7,1014.42,Partly cloudy until night.
2018-08-19,Foggy,rain,5.9,0.93,0.4,53,0.5,1014.35,Partly cloudy until night.
2018-08-20,Clear,rain,5.9,1,0.1,230,5.8,1014.55,Partly cloudy until night.
2018-08-21,Clear,rain,10.4,1,0.7,18,5.4,1014.91,Partly cloudy until night.
2018-08-22,Partly Cloudy,rain,12.5,0.78,7.3,159,9.5,1014.44,Partly cloudy until night.
2018-08-23,Partly Cloudy,rain,,0.77,3.9,245,11.1,1014.52,Partly cloudy until night.
2018-08-24,Partly Cloudy,rain,16.0,0.63,4.7,291,11.4,1014.75,Partly cloudy until night.
2018-08-25,Partly Cloudy,rain,17.3,0.57,5.5,312,11.3,1014.41,Partly cloudy until night.
2018-08-26,Partly Cloudy,rain,17.8,0.5,2.7,211,11.3,1014.02,Partly cloudy until night.
2018-08-27,Partly Cloudy,rain,16.4,0.54,4.0,296,10.9,1013.55,Partly cloudy until night.
2018-08-28,Partly Cloudy,rain,17.8,0.46,1.7,264,11.3,1013.02,Partly cloudy until night.
2018-08-29,Partly Cloudy,rain,17.8,0.45,4.4,41,11.3,1011.95,Partly cloudy until night.
2018-08-30,Partly Cloudy,rain,,0.5,5.7,12,11.4,1012.11,Partly cloudy until night.
2018-08-31,Partly Cloudy,rain,15.2,0.65,12.7,70,11.2,1012.13,Partly cloudy until night.
2018-09-01,Mostly Cloudy,rain,13.0,0.7,3.7,62,15.8,1012.52,Partly cloudy until night.
2018-09-02,Mostly Cloudy,rain,12.7,0.74,7.9,307,10.0,1013.08,Partly cloudy until night.
2018-09-03,Partly Cloudy,rain,12.2,0.72,9.7,339,10.0,1013.35,Partly cloudy until night.
2018-09-04,Partly Cloudy,rain,12.1,0.71,17.0,348,15.8,1013.19,Partly cloudy until night.
2018-09-05,Partly Cloudy,rain,10.6,0.74,10.9,311,15.0,1013.54,Partly cloudy until night.
2018-09-06,Mostly Cloudy,rain,11.6,0.57,17.0,150,15.8,1011.68,Mostly cloudy throughout the day.
2018-09-07,Mostly Cloudy,rain,11.0,0.6,16.9,140,15.8,1011.79,Mostly cloudy throughout the day.
2018-09-08,Mostly Cloudy,rain,11.9,0.6,15.9,150,15.0,1013.76,Mostly cloudy throughout the day.
2018-09-09,Mostly Cloudy,rain,10.4,0.64,16.6,139,15.8,1011.39,Mostly cloudy throughout the day.
2018-09-10,Mostly Cloudy,rain,10.3,0.67,13.4,138,15.8,1011.42,Mostly cloudy throughout the day.
2018-09-11,Mostly Cloudy,rain,9.5,0.72,13.4,119,15.0,1011.65,Mostly cloudy throughout the day.
2018-09-12,Mostly Cloudy,rain,9.8,0.68,12.8,117,10.0,1011.83,Mostly cloudy throughout the day.
2018-09-13,Mostly Cloudy,rain,10.9,0.67,11.1,98,10.0,1012.42,Mostly cloudy throughout the day.
2018-09-14,Mostly Cloudy,rain,11.7,0.66,7.2,90,15.3,1012.96,Mostly cloudy throughout the day.
2018-09-15,Mostly Cloudy,rain,13.9,0.55,21.6,128,10.0,1012.97,Mostly cloudy throughout the day.
2018-09-16,Mostly Cloudy,rain,15.0,0.54,17.3,129,10.0,1013.36,Mostly cloudy throughout the day.
2018-09-17,Mostly Cloudy,rain,16.0,0.47,24.5,132,11.4,1013.41,Mostly cloudy throughout the day.
2018-09-18,Mostly Cloudy,rain,15.2,0.51,20.4,147,11.2,1013.34,Mostly cloudy throughout the day.
2018-09-19,Mostly Cloudy,rain,16.2,0.44,14.4,129,11.2,1013.62,Mostly cloudy throughout the day.
2018-09-20,Partly Cloudy,rain,17.3,0.43,18.0,124,11.4,1013.28,Mostly cloudy throughout the day.
2018-09-21,Partly Cloudy,rain,17.8,0.43,15.8,158,11.2,1012.98,Mostly cloudy throughout the day.
2018-09-22,Partly Cloudy,rain,17.8,0.38,17.2,148,11.2,1012.5,Mostly cloudy throughout the day.
2018-09-23,Partly Cloudy,rain,17.3,0.39,16.9,150,11.4,1012.61,Mostly cloudy throughout the day.
2018-09-24,Mostly Cloudy,rain,17.2,0.38,15.3,158,11.2,1012.88,Mostly cloudy throughout the day.
2018-09-25,Mostly Cloudy,rain,15.0,0.45,20.9,168,10.0,1012.98,Mostly cloudy throughout the day.
2018-09-26,Mostly Cloudy,rain,13.9,0.47,13.3,166,10.4,1013.73,Mostly cloudy throughout the day.
2018-09-27,Mostly Cloudy,rain,12.4,0.57,9.4,159,10.0,1014.17,Mostly cloudy throughout the day.
2018-09-28,Mostly Cloudy,rain,12.3,0.59,6.8,152,15.8,1014.46,Mostly cloudy throughout the day.
2018-09-29,Mostly Cloudy,rain,12.8,0.56,14.4,160,15.3,1014.45,Mostly cloudy throughout the day.
2018-09-30,Partly Cloudy,rain,9.5,0.76,7.1,310,15.8,1013.49,Mostly cloudy until evening.
2018-10-01,Mostly Cloudy,rain,10.0,0.71,14.4,310,15.8,1013.41,Mostly cloudy until evening.
2018-10-02,Partly Cloudy,rain,4.9,0.91,1.0,140,3.4,1015.4,Mostly cloudy until evening.
2018-10-03,Partly Cloudy,rain,7.9,0.78,11.7,320,15.8,1013.19,Mostly cloudy until evening.
2018-10-04,Partly Cloudy,rain,7.4,0.82,14.6,319,15.8,1012.8,Mostly cloudy until evening.
2018-10-05,Mostly Cloudy,rain,8.0,0.82,11.8,309,14.9,1013.1,Mostly cloudy until evening.
2018-10-06,Overcast,rain,8.8,0.84,14.5,320,10.9,1013.14,Mostly cloudy until evening.
2018-10-07,Mostly Cloudy,rain,8.8,0.84,23.3,320,10.9,1013.64,Mostly cloudy until evening.
2018-10-08,Overcast,rain,7.9,0.89,26.8,330,11.2,1014.12,Mostly cloudy until evening.
2018-10-09,Overcast,rain,,0.96,22.8,329,8.0,1014.48,Mostly cloudy until evening.
2018-10-10,Overcast,rain,7.8,0.95,14.2,328,6.1,1014.97,Mostly cloudy until evening.
2018-10-11,Overcast,rain,7.9,0.95,9.8,299,10.1,1015.66,Mostly cloudy until evening.
2018-10-12,Overcast,rain,8.1,0.94,15.8,291,11.3,1015.89,Mostly cloudy until evening.
2018-10-13,Overcast,rain,10.2,0.81,11.3,291,11.3,1015.69,Mostly cloudy until evening.
2018-10-14,Overcast,rain,11.4,0.74,4.2,292,11.1,1015.59,Mostly cloudy until evening.
2018-10-15,Mostly Cloudy,rain,12.4,0.7,1.3,173,11.3,1015.24,Mostly cloudy until evening.
2018-10-16,Partly Cloudy,rain,12.9,0.67,3.7,129,11.2,1014.77,Mostly cloudy until evening.
2018-10-17,Partly Cloudy,rain,12.6,0.62,6.4,211,11.4,1014.73,Mostly cloudy until evening.
2018-10-18,Partly Cloudy,rain,12.4,0.69,9.8,176,11.2,1014.49,Mostly cloudy until evening.
2018-10-19,Partly Cloudy,rain,10.2,0.75,8.4,164,11.2,1014.7,Mostly cloudy until evening.
2018-10-20,Partly Cloudy,rain,9.2,0.78,9.5,152,10.0,1015.38,Mostly cloudy until evening.
2018-10-21,Clear,rain,7.8,0.87,7.4,152,10.0,1015.81,Mostly cloudy until evening.
2018-10-22,Clear,rain,6.7,0.91,5.8,155,15.8,1015.89,Mostly cloudy until evening.
2018-10-23,Clear,rain,6.1,0.91,6.3,156,14.2,1015.9,Mostly cloudy until evening.
2018-10-24,Partly Cloudy,rain,5.3,0.95,5.9,157,8.1,1015.92,Foggy in the morning.
2018-10-25,Clear,rain,4.4,0.95,10.9,190,3.4,1015.89,Foggy in the morning.
2018-10-26,Mostly Cloudy,rain,9.3,0.89,3.6,194,15.0,1007.55,Foggy in the morning.
2018-10-27,Partly Cloudy,rain,4.3,0.92,6.1,171,4.7,1015.21,Foggy in the morning.
2018-10-28,Partly Cloudy,rain,3.2,0.92,6.1,178,5.2,1015.18,Foggy in the morning.
2018-10-29,Partly Cloudy,rain,3.9,0.92,5.9,183,5.9,1014.89,Foggy in the morning.
2018-10-30,Foggy,rain,2.7,0.96,8.0,167,0.5,1014.29,Foggy in the morning.
2018-10-31,Foggy,rain,3.8,1,5.3,169,2.7,1014.35,Foggy in the morning.
2018-11-01,Clear,rain,6.9,0.93,9.1,135,5.7,1014,Foggy in the morning.
2018-11-02,Mostly Cloudy,rain,8.9,0.88,15.7,132,11.2,1013.53,Foggy in the morning.
2018-11-03,Mostly Cloudy,rain,11.2,0.79,20.7,141,10.0,1013.05,Foggy in the morning.
2018-11-04,Mostly Cloudy,rain,12.9,0.7,20.2,151,11.0,1012.74,Foggy in the morning.
2018-11-05,Mostly Cloudy,rain,14.0,0.63,24.0,160,11.2,1011.92,Foggy in the morning.
2018-11-06,Mostly Cloudy,rain,15.0,0.51,24.0,170,11.2,1010.87,Foggy in the morning.
2018-11-07,Overcast,rain,14.0,0.57,22.7,150,11.4,1009.99,Foggy in the morning.
2018-11-08,Mostly Cloudy,rain,15.0,0.51,26.8,160,11.2,1008.85,Foggy in the morning.
2018-11-09,Mostly Cloudy,rain,15.0,0.54,20.9,160,10.0,1007.74,Foggy in the morning.
2018-11-10,Overcast,rain,,0.5,17.2,151,10.4,1007.07,Foggy in the morning.
2018-11-11,Overcast,rain,14.9,0.51,14.1,159,11.2,1006.26,Foggy in the morning.
2018-11-12,Overcast,rain,13.8,0.59,11.1,140,11.2,1005.77,Foggy in the morning.
2018-11-13,Overcast,rain,12.9,0.64,11.7,130,10.0,1005.19,Foggy in the morning.
2018-11-14,Overcast,rain,13.8,0.59,14.2,149,11.2,1004.85,Foggy in the morning.
2018-11-15,Overcast,rain,12.8,0.69,6.3,235,15.8,1005.49,Foggy in the morning.
2018-11-16,Overcast,rain,12.7,0.74,18.1,229,14.9,1005.64,Foggy in the morning.
2018-11-17,Overcast,rain,11.7,0.8,11.3,211,15.7,1005.45,Overcast throughout the day.
2018-11-18,Overcast,rain,10.6,0.88,6.6,210,15.7,1005.65,Overcast throughout the day.
2018-11-19,Overcast,rain,5.7,0.91,8.7,303,9.9,1012.87,Overcast throughout the day.
2018-11-20,Overcast,rain,10.1,0.92,6.6,212,15.0,1006.34,Overcast throughout the day.
2018-11-21,Overcast,rain,10.0,0.93,2.6,168,12.0,1006.47,Overcast throughout the day.
2018-11-22,Overcast,rain,9.8,0.95,5.5,180,6.7,1007.16,Overcast throughout the day.
2018-11-23,Overcast,rain,8.7,0.99,4.7,226,10.9,1007.18,Overcast throughout the day.
2018-11-24,Overcast,rain,7.6,0.95,20.4,328,4.0,1007.86,Overcast throughout the day.
2018-11-25,Overcast,rain,7.2,0.93,13.8,322,3.7,1008.4,Overcast throughout the day.
2018-11-26,Overcast,rain,6.0,0.92,23.6,319,3.8,1008.86,Overcast throughout the day.
2018-11-27,Overcast,rain,6.1,0.85,22.1,329,11.1,1009.1,Overcast throughout the day.
2018-11-28,Overcast,rain,6.1,0.82,22.2,331,7.1,1010.06,Overcast throughout the day.
2018-11-29,Overcast,rain,6.1,0.86,17.8,342,7.9,1010.67,Overcast throughout the day.
2018-11-30,Overcast,rain,6.0,0.93,17.5,324,11.0,1011.06,Overcast throughout the day.
2018-12-01,Overcast,rain,6.9,0.93,22.5,7,9.9,1011.03,Overcast throughout the day.
2018-12-02,Overcast,rain,7.1,0.86,16.1,10,8.0,1011.14,Overcast throughout the day.
2018-12-03,Overcast,rain,6.0,0.93,20.5,1,11.1,1011.61,Overcast throughout the day.
2018-12-04,Overcast,rain,6.1,0.93,21.1,0,10.4,1011.86,Overcast throughout the day.
2018-12-05,Overcast,rain,5.0,0.93,20.7,11,8.2,1011.93,Overcast throughout the day.
2018-12-06,Overcast,rain,5.0,0.92,14.0,10,8.1,1012.4,Overcast throughout the day.
2018-12-07,Overcast,rain,5.0,0.93,14.9,6,7.4,1013.23,Overcast throughout the day.
2018-12-08,Overcast,rain,5.0,0.93,11.1,358,11.0,1013.8,Overcast throughout the day.
2018-12-09,Overcast,rain,5.0,0.93,14.1,339,8.1,1014.08,Overcast throughout the day.
2018-12-10,Overcast,rain,4.9,0.87,15.9,348,9.0,1013.96,Overcast throughout the day.
2018-12-11,Overcast,rain,4.5,0.92,14.0,301,9.9,1013.9,Mostly cloudy until evening.
2018-12-12,Overcast,rain,4.4,0.92,14.3,310,9.9,1014.39,Mostly cloudy until evening.
2018-12-13,Clear,rain,4.0,0.83,12.2,265,13.9,1016.82,Mostly cloudy until evening.
2018-12-14,Overcast,rain,4.9,0.86,13.8,320,9.9,1014.18,Mostly cloudy until evening.
2018-12-15,Overcast,rain,4.9,0.83,10.9,338,9.9,1014.27,Mostly cloudy until evening.
2018-12-16,Overcast,rain,4.4,0.89,13.4,322,9.0,1014.14,Mostly cloudy until evening.
2018-12-17,Overcast,rain,4.8,0.86,16.9,320,11.1,1014.11,Mostly cloudy until evening.
2018-12-18,Overcast,rain,4.8,0.83,15.3,330,10.0,1014.41,Mostly cloudy until evening.
2018-12-19,Mostly Cloudy,rain,4.9,0.84,18.2,337,10.0,1014.9,Mostly cloudy until evening.
2018-12-20,Mostly Cloudy,rain,7.2,0.65,17.4,0,10.0,1014.98,Mostly cloudy until evening.
2018-12-21,Partly Cloudy,rain,7.8,0.67,16.3,352,11.2,1014.97,Mostly cloudy until evening.
2018-12-22,Mostly Cloudy,rain,8.7,0.64,12.9,359,11.4,1015.52,Mostly cloudy until evening.
2018-12-23,Mostly Cloudy,rain,9.0,0.57,20.5,339,11.2,1015.64,Mostly cloudy until evening.
2018-12-24,Partly Cloudy,rain,10.0,0.5,23.2,340,11.2,1015.72,Mostly cloudy until evening.
2018-12-25,Mostly Cloudy,rain,10.1,0.55,19.3,339,11.4,1015.47,Mostly cloudy until evening.
2018-12-26,Partly Cloudy,rain,11.1,0.46,14.3,337,11.2,1015.24,Mostly cloudy until evening.
2018-12-27,Partly Cloudy,rain,10.1,0.42,12.6,337,11.2,1015.14,Mostly cloudy until evening.
2018-12-28,Partly Cloudy,rain,11.0,0.42,9.4,312,11.4,1015.13,Mostly cloudy until evening.
2018-12-29,Partly Cloudy,rain,10.1,0.49,7.7,335,11.2,1015.39,Mostly cloudy until evening.
2018-12-30,Partly Cloudy,rain,7.9,0.57,4.5,345,11.2,1015.7,Mostly cloudy until evening.
2018-12-31,Partly Cloudy,rain,7.3,0.63,2.6,350,11.0,1016.2,Mostly cloudy until evening.
2019-01-01,Partly Cloudy,rain,5.1,0.75,3.1,275,11.2,1016.83,Mostly cloudy until evening.
2019-01-02,Clear,rain,3.9,0.76,6.3,268,15.8,1017.12,Mostly cloudy until evening.
2019-01-03,Partly Cloudy,rain,4.1,0.77,6.3,267,15.0,1017.38,Mostly cloudy until evening.
2019-01-04,Partly Cloudy,rain,3.8,0.82,6.2,270,15.7,1017.32,Partly cloudy starting in the morning continuing until evening.
2019-01-05,Clear,rain,2.7,0.85,10.3,269,6.1,1017.42,Partly cloudy starting in the morning continuing until evening.
2019-01-06,Clear,rain,5.1,0.81,5.6,181,15.0,1018.24,Partly cloudy starting in the morning continuing until evening.
2019-01-07,Clear,rain,2.6,0.85,6.1,289,15.6,1017.33,Partly cloudy starting in the morning continuing until evening.
2019-01-08,Partly Cloudy,rain,1.6,0.92,5.9,351,14.7,1017.53,Partly cloudy starting in the morning continuing until evening.
2019-01-09,Partly Cloudy,rain,2.2,0.9,3.2,271,13.7,1017.7,Partly cloudy starting in the morning continuing until evening.
2019-01-10,Clear,rain,,0.92,1.6,165,6.1,1017.84,Partly cloudy starting in the morning continuing until evening.
2019-01-11,Clear,rain,1.0,0.92,4.6,341,4.6,1018.13,Partly cloudy starting in the morning continuing until evening.
2019-01-12,Clear,rain,5.6,0.82,0.2,236,5.9,1018.47,Partly cloudy starting in the morning continuing until evening.
2019-01-13,Clear,rain,9.8,0.66,14.5,110,10.0,1018.32,Partly cloudy starting in the morning continuing until evening.
2019-01-14,Clear,rain,11.1,0.54,1.7,30,10.0,1018.59,Partly cloudy starting in the morning continuing until evening.
2019-01-15,Partly Cloudy,rain,11.1,0.48,6.9,210,11.0,1018.68,Partly cloudy starting in the morning continuing until evening.
2019-01-16,Partly Cloudy,rain,12.2,0.43,7.1,246,11.2,1018.49,Partly cloudy starting in the morning continuing until evening.
2019-01-17,Partly Cloudy,rain,12.9,0.41,9.2,216,11.2,1018.38,Partly cloudy starting in the morning continuing until evening.
2019-01-18,Partly Cloudy,rain,12.9,0.38,9.6,199,10.4,1018.35,Partly cloudy starting in the morning continuing until evening.
2019-01-19,Partly Cloudy,rain,12.9,0.4,9.5,218,10.0,1017.58,Partly cloudy starting in the morning continuing until evening.
2019-01-20,Partly Cloudy,rain,13.9,0.46,10.4,224,10.0,1017.37,Partly cloudy starting in the morning continuing until evening.
2019-01-21,Partly Cloudy,rain,13.0,0.48,12.2,211,10.4,1017.37,Partly cloudy starting in the morning continuing until evening.
2019-01-22,Clear,rain,12.4,0.49,12.4,187,10.0,1017.24,Partly cloudy starting in the morning continuing until evening.
2019-01-23,Clear,rain,10.2,0.57,9.8,187,10.0,1017.45,Partly cloudy starting in the morning continuing until evening.
2019-01-24,Clear,rain,9.1,0.62,7.6,163,10.0,1017.83,Partly cloudy starting in the morning continuing until evening.
2019-01-25,Clear,rain,7.8,0.68,9.7,160,10.0,1018.17,Partly cloudy starting in the morning continuing until evening.
2019-01-26,Clear,rain,7.7,0.65,6.7,161,15.8,1018.28,Partly cloudy starting in the morning continuing until evening.
2019-01-27,Clear,rain,7.1,0.69,6.2,165,15.0,1018.37,Partly cloudy starting in the morning continuing until evening.
2019-01-28,Clear,rain,6.0,0.74,6.4,163,15.8,1018.39,Partly cloudy starting in the afternoon.
2019-01-29,Clear,rain,5.5,0.76,6.6,180,15.8,1018.49,Partly cloudy starting in the afternoon.
2019-01-30,Partly Cloudy,rain,8.2,0.72,13.4,161,15.0,1015.16,Partly cloudy starting in the afternoon.
2019-01-31,Clear,rain,3.8,0.82,6.6,169,15.8,1018.18,Partly cloudy starting in the afternoon.
2019-02-01,Clear,rain,2.2,0.91,3.5,142,14.9,1018.29,Partly cloudy starting in the afternoon.
2019-02-02,Clear,rain,2.0,0.93,6.2,141,11.3,1018.28,Partly cloudy starting in the afternoon.
2019-02-03,Clear,rain,2.2,0.92,10.7,121,5.0,1018.08,Partly cloudy starting in the afternoon.
2019-02-04,Clear,rain,3.7,0.89,10.7,130,7.0,1018.6,Partly cloudy starting in the afternoon.
2019-02-05,Clear,rain,6.1,0.79,11.9,141,9.5,1018.66,Partly cloudy starting in the afternoon.
2019-02-06,Partly Cloudy,rain,10.0,0.66,11.5,142,10.0,1018.38,Partly cloudy starting in the afternoon.
2019-02-07,Clear,rain,12.2,0.52,17.8,160,10.0,1018.46,Partly cloudy starting in the afternoon.
2019-02-08,Clear,rain,12.9,0.5,19.6,150,10.0,1018.34,Partly cloudy starting in the afternoon.
2019-02-09,Partly Cloudy,rain,14.0,0.5,20.6,151,10.0,1017.86,Partly cloudy starting in the afternoon.
2019-02-10,Partly Cloudy,rain,15.1,0.44,16.1,150,10.0,1017.26,Partly cloudy starting in the afternoon.
2019-02-11,Partly Cloudy,rain,16.3,0.43,14.8,149,15.3,1016.76,Partly cloudy starting in the afternoon.
2019-02-12,Mostly Cloudy,rain,17.3,0.41,16.1,159,10.0,1016.04,Partly cloudy starting in the afternoon.
2019-02-13,Mostly Cloudy,rain,17.3,0.38,16.2,159,10.0,1015.06,Partly cloudy starting in the afternoon.
2019-02-14,Overcast,rain,17.4,0.37,14.1,167,10.4,1014.68,Partly cloudy starting in the afternoon.
2019-02-15,Mostly Cloudy,rain,17.3,0.38,14.5,159,10.0,1014.36,Partly cloudy starting in the afternoon.
2019-02-16,Partly Cloudy,rain,15.1,0.44,9.7,158,10.0,1014.16,Partly cloudy starting in the afternoon.
2019-02-17,Partly Cloudy,rain,11.7,0.58,10.4,129,10.0,1014.36,Partly cloudy starting in the afternoon.
2019-02-18,Partly Cloudy,rain,11.2,0.61,10.9,130,10.0,1014.6,Partly cloudy starting in the afternoon.
2019-02-19,Partly Cloudy,rain,10.0,0.68,11.2,138,15.8,1014.69,Partly cloudy starting in the afternoon.
2019-02-20,Partly Cloudy,rain,10.1,0.65,13.6,140,15.0,1014.51,Partly cloudy starting in the afternoon.
2019-02-21,Partly Cloudy,rain,21.0,0.87,3.2,310,15.8,1012.02,Partly cloudy starting overnight.
2019-02-22,Clear,rain,19.4,0.9,6.0,291,15.8,1012.22,Partly cloudy starting overnight.
2019-02-23,Mostly Cloudy,rain,20.7,0.81,9.2,354,14.9,1008.65,Partly cloudy starting overnight.
2019-02-24,Partly Cloudy,rain,18.8,0.93,5.9,272,14.8,1012.11,Partly cloudy starting overnight.
2019-02-25,Partly Cloudy,rain,17.7,0.93,3.1,303,14.8,1011.63,Partly cloudy starting overnight.
2019-02-26,Partly Cloudy,rain,17.6,0.95,2.9,338,14.0,1011.84,Partly cloudy starting overnight.
2019-02-27,Partly Cloudy,rain,18.7,0.93,7.8,50,9.8,1011.81,Partly cloudy starting overnight.
2019-02-28,Partly Cloudy,rain,22.6,0.8,1.6,20,9.8,1011.72,Partly cloudy starting overnight.
2019-03-01,Partly Cloudy,rain,24.8,0.7,3.2,41,9.9,1011.86,Partly cloudy starting overnight.
2019-03-02,Partly Cloudy,rain,27.2,0.56,1.7,139,10.0,1011.67,Partly cloudy starting overnight.
2019-03-03,Mostly Cloudy,rain,28.9,0.55,2.9,75,10.0,1011.27,Partly cloudy starting overnight.
2019-03-04,Mostly Cloudy,rain,31.0,0.42,2.8,186,11.4,1011.07,Partly cloudy starting overnight.
2019-03-05,Mostly Cloudy,rain,32.2,0.38,7.7,161,10.0,1010.47,Partly cloudy starting overnight.
2019-03-06,Mostly Cloudy,rain,32.1,0.32,7.3,249,10.0,1010.07,Partly cloudy starting overnight.
2019-03-07,Mostly Cloudy,rain,32.0,0.35,7.2,168,10.4,1009.69,Partly cloudy starting overnight.
2019-03-08,Mostly Cloudy,rain,32.5,0.38,12.6,199,11.3,1008.95,Partly cloudy starting overnight.
2019-03-09,Partly Cloudy,rain,32.0,0.4,12.1,190,11.3,1008.2,Partly cloudy starting overnight.
2019-03-10,Mostly Cloudy,rain,32.0,0.41,8.9,210,10.4,1007.57,Partly cloudy starting overnight.
2019-03-11,Mostly Cloudy,rain,30.9,0.39,13.4,189,10.0,1007.1,Partly cloudy starting overnight.
2019-03-12,Mostly Cloudy,rain,28.6,0.5,8.0,205,9.9,1007.04,Partly cloudy starting overnight.
2019-03-13,Mostly Cloudy,rain,27.1,0.59,6.2,55,10.3,1007.03,Partly cloudy starting overnight.
2019-03-14,Mostly Cloudy,rain,24.7,0.65,4.4,64,10.0,1006.95,Partly cloudy starting overnight.
2019-03-15,Partly Cloudy,rain,24.1,0.7,12.8,17,15.9,1007.07,Partly cloudy starting overnight.
2019-03-16,Mostly Cloudy,rain,23.1,0.77,11.8,5,14.7,1007.62,Partly cloudy starting overnight.
2019-03-17,Partly Cloudy,rain,15.6,0.92,3.3,263,14.9,1011.53,Mostly cloudy until night.
2019-03-18,Partly Cloudy,rain,15.5,0.87,3.4,280,15.8,1011.34,Mostly cloudy until night.
2019-03-19,Mostly Cloudy,rain,16.5,0.91,3.6,321,14.2,1008.66,Mostly cloudy until night.
2019-03-20,Partly Cloudy,rain,13.8,0.9,3.2,291,15.7,1011.04,Mostly cloudy until night.
2019-03-21,Partly Cloudy,rain,13.3,0.9,3.1,274,15.6,1011.12,Mostly cloudy until night.
2019-03-22,Partly Cloudy,rain,12.6,0.92,3.6,308,13.9,1010.9,Mostly cloudy until night.
2019-03-23,Clear,rain,12.3,0.93,3.1,295,10.8,1011.54,Mostly cloudy until night.
2019-03-24,Partly Cloudy,rain,15.0,0.87,4.5,322,9.7,1010.85,Mostly cloudy until night.
2019-03-25,Mostly Cloudy,rain,16.3,0.87,8.6,348,9.7,1010.89,Mostly cloudy until night.
2019-03-26,Foggy,rain,16.3,0.92,9.3,341,1.0,1010.93,Mostly cloudy until night.
2019-03-27,Partly Cloudy,rain,18.9,0.89,10.6,340,4.6,1010.64,Mostly cloudy until night.
2019-03-28,Partly Cloudy,rain,21.4,0.76,14.0,341,10.9,1010.56,Mostly cloudy until night.
2019-03-29,Mostly Cloudy,rain,21.2,0.76,13.9,340,12.0,1010.5,Mostly cloudy until night.
2019-03-30,Partly Cloudy,rain,22.3,0.72,10.8,348,11.3,1010.09,Mostly cloudy until night.
2019-03-31,Mostly Cloudy,rain,23.0,0.66,10.2,333,15.3,1009.62,Mostly cloudy until night.
2019-04-01,Mostly Cloudy,rain,23.9,0.62,9.4,352,11.3,1008.8,Mostly cloudy until night.
2019-04-02,Mostly Cloudy,rain,25.0,0.51,7.7,348,11.3,1008.39,Mostly cloudy until night.
2019-04-03,Mostly Cloudy,rain,23.8,0.58,9.0,341,11.4,1007.71,Mostly cloudy until night.
2019-04-04,Mostly Cloudy,rain,23.6,0.53,7.6,358,11.3,1007.66,Mostly cloudy until night.
2019-04-05,Mostly Cloudy,rain,22.5,0.68,11.3,340,11.1,1007.66,Mostly cloudy until night.
2019-04-06,Mostly Cloudy,rain,20.0,0.78,12.3,329,11.4,1007.6,Mostly cloudy until night.
2019-04-07,Mostly Cloudy,rain,19.9,0.74,16.2,20,11.2,1007.87,Mostly cloudy until night.
2019-04-08,Overcast,rain,19.4,0.76,13.3,29,14.9,1008.35,Mostly cloudy until night.
2019-04-09,Overcast,rain,17.9,0.85,12.7,7,15.0,1008.32,Mostly cloudy until night.
2019-04-10,Overcast,rain,17.3,0.89,10.5,338,15.8,1008.16,Partly cloudy throughout the day.
2019-04-11,Overcast,rain,16.6,0.92,6.4,328,15.8,1008.15,Partly cloudy throughout the day.
2019-04-12,Mostly Cloudy,rain,15.8,0.84,3.5,315,15.0,1009.37,Partly cloudy throughout the day.
2019-04-13,Overcast,rain,17.0,0.92,2.7,55,14.9,1008.06,Partly cloudy throughout the day.
2019-04-14,Overcast,rain,17.1,0.86,6.6,289,15.8,1007.86,Partly cloudy throughout the day.
2019-04-15,Overcast,rain,16.5,0.79,7.0,307,15.0,1008.06,Partly cloudy throughout the day.
2019-04-16,Mostly Cloudy,rain,15.0,0.83,9.5,299,11.2,1007.87,Partly cloudy throughout the day.
2019-04-17,Partly Cloudy,rain,16.0,0.81,12.4,299,11.2,1007.98,Partly cloudy throughout the day.
2019-04-18,Mostly Cloudy,rain,16.2,0.81,15.9,306,10.0,1008.07,Partly cloudy throughout the day.
2019-04-19,Mostly Cloudy,rain,18.8,0.68,22.1,309,10.0,1007.86,Partly cloudy throughout the day.
2019-04-20,Mostly Cloudy,rain,21.1,0.68,20.2,300,10.0,1007.95,Partly cloudy throughout the day.
2019-04-21,Partly Cloudy,rain,22.5,0.62,15.2,309,10.0,1008.2,Partly cloudy throughout the day.
2019-04-22,Partly Cloudy,rain,23.8,0.54,17.2,290,11.3,1007.95,Partly cloudy throughout the day.
2019-04-23,Partly Cloudy,rain,23.9,0.51,15.6,309,11.3,1008.03,Partly cloudy throughout the day.
2019-04-24,Partly Cloudy,rain,25.8,0.44,16.4,308,11.4,1008.03,Partly cloudy throughout the day.
2019-04-25,Partly Cloudy,rain,25.9,0.43,21.7,290,11.3,1007.73,Partly cloudy throughout the day.
2019-04-26,Partly Cloudy,rain,25.0,0.42,20.1,290,10.0,1007.71,Partly cloudy throughout the day.
2019-04-27,Partly Cloudy,rain,24.9,0.43,18.7,288,10.4,1007.73,Partly cloudy throughout the day.
2019-04-28,Partly Cloudy,rain,24.9,0.45,17.0,299,10.0,1007.81,Partly cloudy throughout the day.
2019-04-29,Partly Cloudy,rain,22.8,0.51,12.4,290,11.2,1008.02,Partly cloudy throughout the day.
2019-04-30,Partly Cloudy,rain,19.3,0.7,7.3,280,11.4,1008.55,Partly cloudy throughout the day.
2019-05-01,Partly Cloudy,rain,17.8,0.78,4.8,260,10.0,1008.62,Partly cloudy throughout the day.
2019-05-02,Mostly Cloudy,rain,17.8,0.75,3.5,256,15.8,1008.73,Partly cloudy throughout the day.
2019-05-03,Mostly Cloudy,rain,16.5,0.79,6.3,279,15.0,1009.41,Partly cloudy throughout the day.
2019-05-04,Mostly Cloudy,rain,15.7,0.83,6.5,281,15.8,1009.79,Mostly cloudy until night.
2019-05-05,Mostly Cloudy,rain,15.6,0.81,3.4,299,15.8,1009.69,Mostly cloudy until night.
2019-05-06,Mostly Cloudy,rain,16.2,0.93,4.2,279,14.7,1007.41,Mostly cloudy until night.
2019-05-07,Mostly Cloudy,rain,15.6,0.84,6.3,281,15.8,1009.61,Mostly cloudy until night.
2019-05-08,Mostly Cloudy,rain,15.6,0.81,3.3,306,15.8,1009.32,Mostly cloudy until night.
2019-05-09,Mostly Cloudy,rain,15.6,0.81,3.7,327,15.0,1009.37,Mostly cloudy until night.
2019-05-10,Mostly Cloudy,rain,15.1,0.83,7.8,348,10.0,1009.14,Mostly cloudy until night.
2019-05-11,Mostly Cloudy,rain,17.1,0.73,9.3,339,10.0,1009.12,Mostly cloudy until night.
2019-05-12,Mostly Cloudy,rain,17.5,0.72,7.4,10,10.0,1009.19,Mostly cloudy until night.
2019-05-13,Overcast,rain,17.7,0.71,8.8,48,10.0,1009.19,Mostly cloudy until night.
2019-05-14,Overcast,rain,18.8,0.69,8.8,59,10.0,1008.99,Mostly cloudy until night.
2019-05-15,Clear,rain,19.7,0.67,8.7,60,11.0,1008.93,Mostly cloudy until night.
2019-05-16,Clear,rain,18.8,0.78,10.6,70,11.3,1008.11,Mostly cloudy until night.
2019-05-17,Mostly Cloudy,rain,20.0,0.77,4.7,69,11.3,1007.52,Mostly cloudy until night.
2019-05-18,Mostly Cloudy,rain,21.1,0.72,7.8,108,11.4,1007.29,Mostly cloudy until night.
2019-05-19,Mostly Cloudy,rain,23.7,0.67,11.0,89,11.2,1006.83,Mostly cloudy until night.
2019-05-20,Mostly Cloudy,rain,23.6,0.6,15.2,147,11.2,1006.16,Mostly cloudy until night.
2019-05-21,Mostly Cloudy,rain,23.8,0.62,10.6,152,11.4,1005.9,Mostly cloudy until night.
2019-05-22,Partly Cloudy,rain,22.0,0.7,25.0,200,11.3,1005.65,Mostly cloudy until night.
2019-05-23,Mostly Cloudy,rain,20.0,0.7,16.2,190,11.1,1006.32,Mostly cloudy until night.
2019-05-24,Partly Cloudy,rain,18.9,0.8,8.3,189,11.3,1006.71,Mostly cloudy until night.
2019-05-25,Mostly Cloudy,rain,17.3,0.88,7.8,149,9.9,1007.17,Mostly cloudy until night.
2019-05-26,Partly Cloudy,rain,16.2,0.9,6.0,159,15.4,1007.38,Mostly cloudy until night.
2019-05-27,Mostly Cloudy,rain,15.8,0.93,6.3,149,14.2,1007.32,Mostly cloudy until night.
2019-05-28,Mostly Cloudy,rain,16.7,0.93,6.0,112,3.9,1007.28,Mostly cloudy throughout the day.
2019-05-29,Mostly Cloudy,rain,16.7,0.97,13.1,121,15.6,1006.86,Mostly cloudy throughout the day.
2019-05-30,Overcast,rain,16.3,0.97,5.5,192,6.7,1009.54,Mostly cloudy throughout the day.
2019-05-31,Mostly Cloudy,rain,16.1,0.97,11.0,270,14.6,1007.4,Mostly cloudy throughout the day.
2019-06-01,Partly Cloudy,rain,16.1,0.97,3.1,35,14.6,1006.87,Mostly cloudy throughout the day.
2019-06-02,Mostly Cloudy,rain,15.6,0.96,2.8,287,7.8,1007.66,Mostly cloudy throughout the day.
2019-06-03,Partly Cloudy,rain,14.5,1,3.0,83,4.9,1007.73,Mostly cloudy throughout the day.
2019-06-04,Mostly Cloudy,rain,17.1,0.99,10.8,171,6.9,1007.8,Mostly cloudy throughout the day.
2019-06-05,Mostly Cloudy,rain,17.7,0.96,9.6,143,10.5,1008.39,Mostly cloudy throughout the day.
2019-06-06,Mostly Cloudy,rain,19.8,0.85,10.5,162,11.3,1008.32,Mostly cloudy throughout the day.
2019-06-07,Mostly Cloudy,rain,22.0,0.74,10.8,229,11.3,1008.71,Mostly cloudy throughout the day.
2019-06-08,Partly Cloudy,rain,21.1,0.73,9.5,237,11.1,1009.28,Mostly cloudy throughout the day.
2019-06-09,Partly Cloudy,rain,21.0,0.73,15.1,259,11.3,1009.72,Mostly cloudy throughout the day.
2019-06-10,Partly Cloudy,rain,18.9,0.89,13.5,237,7.3,1010.77,Mostly cloudy throughout the day.
2019-06-11,Overcast,rain,18.9,0.9,3.4,274,6.5,1010.97,Mostly cloudy throughout the day.
2019-06-12,Mostly Cloudy,rain,20.1,0.78,4.7,213,11.3,1010.28,Mostly cloudy throughout the day.
2019-06-13,Partly Cloudy,rain,21.1,0.73,9.1,132,11.3,1009.53,Mostly cloudy throughout the day.
2019-06-14,Mostly Cloudy,rain,20.1,0.78,0.4,167,11.1,1009.78,Mostly cloudy throughout the day.
2019-06-15,Overcast,rain,20.0,0.83,0.1,255,11.3,1009.83,Mostly cloudy throughout the day.
2019-06-16,Overcast,rain,18.9,0.9,0.0,17,11.3,1010.18,Mostly cloudy throughout the day.
2019-06-17,Overcast,rain,18.0,0.96,3.8,89,11.1,1010.43,Mostly cloudy throughout the day.
2019-06-18,Overcast,rain,17.7,0.97,12.2,129,11.2,1010.09,Mostly cloudy throughout the day.
2019-06-19,Overcast,rain,17.7,0.93,10.6,130,12.0,1009.92,Mostly cloudy throughout the day.
2019-06-20,Overcast,rain,16.8,0.97,5.4,143,8.1,1010.08,Mostly cloudy throughout the day.
2019-06-21,Overcast,rain,16.7,0.97,6.2,159,8.0,1010.49,Mostly cloudy until night.
2019-06-22,Overcast,rain,16.2,0.97,6.3,169,6.1,1010.1,Mostly cloudy until night.
2019-06-23,Overcast,rain,17.0,0.91,5.4,178,13.7,1013.23,Mostly cloudy until night.
2019-06-24,Overcast,rain,16.1,0.97,2.9,283,6.1,1010.3,Mostly cloudy until night.
2019-06-25,Overcast,rain,16.1,0.97,2.8,306,6.1,1010.48,Mostly cloudy until night.
2019-06-26,Overcast,rain,15.6,0.96,5.8,224,6.6,1010.86,Mostly cloudy until night.
2019-06-27,Clear,rain,14.0,1,3.1,199,6.0,1010.7,Mostly cloudy until night.
2019-06-28,Partly Cloudy,rain,16.1,0.93,9.4,210,6.0,1011.39,Mostly cloudy until night.
2019-06-29,Mostly Cloudy,rain,16.0,0.93,9.1,220,3.7,1011.92,Mostly cloudy until night.
2019-06-30,Mostly Cloudy,rain,16.2,0.99,7.6,230,5.0,1012.57,Mostly cloudy until night.
2019-07-01,Overcast,rain,17.8,0.89,7.7,200,11.3,1013.15,Mostly cloudy until night.
2019-07-02,Mostly Cloudy,rain,18.9,0.84,5.2,217,10.9,1013.59,Mostly cloudy until night.
2019-07-03,Mostly Cloudy,rain,20.2,0.77,7.9,202,11.3,1013.43,Mostly cloudy until night.
2019-07-04,Mostly Cloudy,rain,22.3,0.67,11.1,208,11.3,1013.32,Mostly cloudy until night.
2019-07-05,Partly Cloudy,rain,22.4,0.7,13.0,198,11.4,1013.49,Mostly cloudy until night.
2019-07-06,Partly Cloudy,rain,23.9,0.54,10.9,209,11.3,1013.22,Mostly cloudy until night.
2019-07-07,Partly Cloudy,rain,23.9,0.58,9.5,201,11.3,1012.83,Mostly cloudy until night.
2019-07-08,Partly Cloudy,rain,23.0,0.56,11.8,165,11.4,1012.85,Mostly cloudy until night.
2019-07-09,Partly Cloudy,rain,22.5,0.58,10.8,159,11.1,0,Mostly cloudy until night.
2019-07-10,Partly Cloudy,rain,20.9,0.7,4.6,148,11.3,1012.28,Mostly cloudy until night.
2019-07-11,Mostly Cloudy,rain,19.2,0.82,0.8,121,10.0,1012.44,Mostly cloudy until night.
2019-07-12,Partly Cloudy,rain,17.7,0.84,9.1,111,10.0,1012.44,Mostly cloudy until night.
2019-07-13,Mostly Cloudy,rain,18.2,0.81,6.2,111,15.8,1012.62,Mostly cloudy until night.
2019-07-14,Mostly Cloudy,rain,17.8,0.88,1.6,289,15.0,1013.45,Mostly cloudy until night.
2019-07-15,Mostly Cloudy,rain,17.7,0.84,12.9,309,15.8,1013.41,Partly cloudy until evening.
2019-07-16,Overcast,rain,17.2,0.9,3.1,104,15.7,1013.5,Partly cloudy until evening.
2019-07-17,Partly Cloudy,rain,15.3,0.9,2.6,126,14.2,1015.55,Partly cloudy until evening.
2019-07-18,Mostly Cloudy,rain,16.5,0.93,3.3,142,15.8,1013.21,Partly cloudy until evening.
2019-07-19,Mostly Cloudy,rain,16.1,0.96,6.0,338,14.9,1013.21,Partly cloudy until evening.
2019-07-20,Mostly Cloudy,rain,15.6,0.93,2.5,316,14.1,1013.5,Partly cloudy until evening.
2019-07-21,Mostly Cloudy,rain,14.9,0.93,4.7,191,9.9,1013.79,Partly cloudy until evening.
2019-07-22,Partly Cloudy,rain,17.1,0.93,7.9,201,10.0,1014.1,Partly cloudy until evening.
2019-07-23,Partly Cloudy,rain,18.7,0.85,7.4,223,10.4,1014.13,Partly cloudy until evening.
2019-07-24,Partly Cloudy,rain,19.8,0.79,11.1,270,11.2,1014.61,Partly cloudy until evening.
2019-07-25,Partly Cloudy,rain,21.1,0.73,7.8,264,11.2,0,Partly cloudy until evening.
2019-07-26,Partly Cloudy,rain,22.2,0.63,11.2,254,11.4,1015.48,Partly cloudy until evening.
2019-07-27,Partly Cloudy,rain,22.8,0.57,12.6,279,11.4,1015,Partly cloudy until evening.
2019-07-28,Partly Cloudy,rain,23.8,0.54,13.6,279,11.4,1015.18,Partly cloudy until evening.
2019-07-29,Partly Cloudy,rain,23.5,0.51,10.8,255,15.3,1015.29,Partly cloudy until evening.
2019-07-30,Partly Cloudy,rain,24.0,0.53,10.8,239,11.2,1015.17,Partly cloudy until evening.
2019-07-31,Partly Cloudy,rain,25.0,0.5,10.8,229,11.2,1014.96,Partly cloudy until evening.
2019-08-01,Partly Cloudy,rain,24.0,0.53,12.3,220,11.2,1014.66,Partly cloudy until evening.
2019-08-02,Partly Cloudy,rain,24.0,0.5,12.3,229,11.2,1014.77,Partly cloudy until evening.
2019-08-03,Partly Cloudy,rain,23.9,0.54,3.1,246,11.2,1014.68,Partly cloudy until evening.
2019-08-04,Partly Cloudy,rain,19.3,0.75,0.5,291,10.4,1015.04,Partly cloudy until evening.
2019-08-05,Partly Cloudy,rain,17.3,0.87,3.1,63,10.0,1015.58,Partly cloudy until evening.
2019-08-06,Clear,rain,16.6,0.93,3.1,148,15.8,1015.88,Partly cloudy until evening.
2019-08-07,Clear,rain,16.7,0.87,3.3,107,15.0,1015.95,Partly cloudy until evening.
2019-08-08,Partly Cloudy,rain,15.1,0.93,2.3,98,15.8,1015.99,Partly cloudy throughout the day.
2019-08-09,Partly Cloudy,rain,14.5,0.93,3.0,111,14.9,1015.89,Partly cloudy throughout the day.
2019-08-10,Partly Cloudy,rain,17.8,0.8,12.3,136,15.0,1012.82,Partly cloudy throughout the day.
2019-08-11,Partly Cloudy,rain,14.4,0.93,3.2,138,14.9,1015.98,Partly cloudy throughout the day.
2019-08-12,Partly Cloudy,rain,13.9,0.96,3.1,128,14.9,1015.71,Partly cloudy throughout the day.
2019-08-13,Mostly Cloudy,rain,14.4,0.9,5.6,121,14.1,1015.63,Partly cloudy throughout the day.
2019-08-14,Mostly Cloudy,rain,14.9,0.87,4.6,129,11.0,1015.59,Partly cloudy throughout the day.
2019-08-15,Partly Cloudy,rain,17.0,0.82,9.0,149,11.2,1015.49,Partly cloudy throughout the day.
2019-08-16,Partly Cloudy,rain,18.8,0.78,8.7,153,11.0,1015.64,Partly cloudy throughout the day.
2019-08-17,Partly Cloudy,rain,21.2,0.73,12.3,140,11.2,1015.46,Partly cloudy throughout the day.
2019-08-18,Partly Cloudy,rain,23.9,0.62,12.7,120,11.2,1015.35,Partly cloudy throughout the day.
2019-08-19,Partly Cloudy,rain,25.0,0.56,15.4,146,10.4,1015.21,Partly cloudy throughout the day.
2019-08-20,Partly Cloudy,rain,26.1,0.47,14.4,130,10.0,1014.56,Partly cloudy throughout the day.
2019-08-21,Partly Cloudy,rain,27.2,0.44,15.9,149,10.0,1014.36,Partly cloudy throughout the day.
2019-08-22,Partly Cloudy,rain,27.7,0.39,14.6,140,10.4,1014.11,Partly cloudy throughout the day.
2019-08-23,Partly Cloudy,rain,27.8,0.4,15.9,150,10.0,1013.56,Partly cloudy throughout the day.
2019-08-24,Partly Cloudy,rain,27.8,0.39,15.8,169,10.0,1013.07,Partly cloudy throughout the day.
2019-08-25,Partly Cloudy,rain,27.9,0.37,13.6,149,10.4,1012.83,Partly cloudy throughout the day.
2019-08-26,Mostly Cloudy,rain,26.2,0.43,10.7,138,10.0,1012.55,Partly cloudy throughout the day.
2019-08-27,Mostly Cloudy,rain,24.0,0.54,8.0,121,10.0,1012.46,Partly cloudy throughout the day.
2019-08-28,Mostly Cloudy,rain,22.6,0.58,10.6,118,10.4,1012.52,Partly cloudy throughout the day.
2019-08-29,Mostly Cloudy,rain,21.1,0.6,10.9,110,10.0,1012.58,Partly cloudy throughout the day.
2019-08-30,Partly Cloudy,rain,20.4,0.67,10.9,110,15.8,1012.41,Partly cloudy throughout the day.
2019-08-31,Partly Cloudy,rain,20.4,0.7,10.3,112,15.0,1012.66,Partly cloudy throughout the day.
2019-09-01,Partly Cloudy,rain,19.4,0.74,11.0,139,15.8,1012.6,Partly cloudy until morning.
2019-09-02,Partly Cloudy,rain,18.8,0.76,10.8,139,15.8,1012.59,Partly cloudy until morning.
2019-09-03,Clear,rain,19.9,0.85,10.1,139,15.0,1012.55,Partly cloudy until morning.
2019-09-04,Partly Cloudy,rain,17.2,0.84,13.9,138,15.8,1012.09,Partly cloudy until morning.
2019-09-05,Partly Cloudy,rain,16.6,0.87,14.3,138,15.8,1012.11,Partly cloudy until morning.
2019-09-06,Partly Cloudy,rain,16.5,0.88,10.0,146,15.0,1012.39,Partly cloudy until morning.
2019-09-07,Clear,rain,16.1,0.87,9.5,149,8.1,1012.38,Partly cloudy until morning.
2019-09-08,Partly Cloudy,rain,17.7,0.84,11.0,131,10.0,1012.66,Partly cloudy until morning.
2019-09-09,Partly Cloudy,rain,20.8,0.7,14.8,148,10.0,1012.65,Partly cloudy until morning.
2019-09-10,Partly Cloudy,rain,22.7,0.67,15.5,159,10.0,1012.39,Partly cloudy until morning.
2019-09-11,Partly Cloudy,rain,26.0,0.55,16.9,179,10.0,1012.47,Partly cloudy until morning.
2019-09-12,Clear,rain,26.1,0.58,13.3,189,15.3,1012.91,Partly cloudy until morning.
2019-09-13,Clear,rain,28.8,0.51,9.7,177,10.0,0,Partly cloudy until morning.
2019-09-14,Partly Cloudy,rain,29.0,0.51,10.8,197,10.0,1012.36,Partly cloudy until morning.
2019-09-15,Clear,rain,31.0,0.45,7.6,201,10.4,1012.33,Partly cloudy until morning.
2019-09-16,Clear,rain,31.1,0.36,11.2,160,16.1,1011.95,Partly cloudy until morning.
2019-09-17,Clear,rain,31.1,0.41,11.3,186,10.0,1011.74,Partly cloudy until morning.
2019-09-18,Partly Cloudy,rain,31.2,0.41,10.8,165,10.4,1011.73,Partly cloudy until morning.
2019-09-19,Clear,rain,30.0,0.48,11.1,162,10.0,1011.45,Partly cloudy until morning.
2019-09-20,Clear,rain,27.9,0.58,9.2,170,10.0,1011.65,Partly cloudy until morning.
2019-09-21,Partly Cloudy,rain,25.4,0.66,8.0,168,10.0,1011.99,Partly cloudy until morning.
2019-09-22,Partly Cloudy,rain,22.8,0.79,4.6,178,10.0,1012.36,Partly cloudy until morning.
2019-09-23,Partly Cloudy,rain,22.7,0.79,6.6,150,15.8,1012.47,Partly cloudy until morning.
2019-09-24,Clear,rain,21.2,0.84,6.5,132,15.0,1012.57,Partly cloudy until morning.
2019-09-25,Clear,rain,21.6,0.81,6.4,152,15.8,1012.66,Partly cloudy starting overnight continuing until night.
2019-09-26,Clear,rain,21.4,0.82,10.8,150,15.8,1012.39,Partly cloudy starting overnight continuing until night.
2019-09-27,Partly Cloudy,rain,19.5,0.92,2.9,211,15.0,1015.42,Partly cloudy starting overnight continuing until night.
2019-09-28,Partly Cloudy,rain,19.9,0.88,13.5,140,15.8,1012.38,Partly cloudy starting overnight continuing until night.
2019-09-29,Partly Cloudy,rain,19.3,0.87,10.9,150,15.8,1012.48,Partly cloudy starting overnight continuing until night.
2019-09-30,Partly Cloudy,rain,18.8,0.91,10.2,147,14.9,1012.44,Partly cloudy starting overnight continuing until night.
2019-10-01,Clear,rain,18.8,0.9,8.0,159,7.1,1012.47,Partly cloudy starting overnight continuing until night.
2019-10-02,Mostly Cloudy,rain,19.9,0.87,11.0,150,9.8,1012.85,Partly cloudy starting overnight continuing until night.
2019-10-03,Partly Cloudy,rain,22.1,0.81,14.5,168,9.8,1012.81,Partly cloudy starting overnight continuing until night.
2019-10-04,Clear,rain,25.0,0.69,16.0,180,9.9,0,Partly cloudy starting overnight continuing until night.
2019-10-05,Mostly Cloudy,rain,25.0,0.74,11.2,179,10.0,1013.17,Partly cloudy starting overnight continuing until night.
2019-10-06,Mostly Cloudy,rain,27.3,0.67,13.8,180,10.0,1014,Partly cloudy starting overnight continuing until night.
2019-10-07,Mostly Cloudy,rain,28.0,0.62,16.0,170,10.0,1013.21,Partly cloudy starting overnight continuing until night.
2019-10-08,Mostly Cloudy,rain,30.1,0.5,17.4,162,10.0,1012.98,Partly cloudy starting overnight continuing until night.
2019-10-09,Mostly Cloudy,rain,31.0,0.45,23.7,181,10.0,1012.5,Partly cloudy starting overnight continuing until night.
2019-10-10,Mostly Cloudy,rain,31.2,0.47,17.5,183,11.2,1012.44,Partly cloudy starting overnight continuing until night.
2019-10-11,Mostly Cloudy,rain,32.2,0.42,16.3,211,10.0,1012.52,Partly cloudy starting overnight continuing until night.
2019-10-12,Mostly Cloudy,rain,32.5,0.4,12.4,220,10.4,1012.62,Partly cloudy starting overnight continuing until night.
2019-10-13,Mostly Cloudy,rain,31.0,0.44,10.2,238,10.0,1012.44,Partly cloudy starting overnight continuing until night.
2019-10-14,Mostly Cloudy,rain,29.0,0.54,8.4,222,10.0,1012.65,Partly cloudy starting overnight continuing until night.
2019-10-15,Partly Cloudy,rain,26.5,0.64,7.7,232,10.4,1013.44,Partly cloudy starting overnight continuing until night.
2019-10-16,Partly Cloudy,rain,22.9,0.73,8.1,211,10.0,1014.17,Partly cloudy starting overnight continuing until night.
2019-10-17,Partly Cloudy,rain,23.4,0.73,6.7,211,15.8,1014.58,Partly cloudy starting overnight continuing until night.
2019-10-18,Partly Cloudy,rain,22.5,0.83,3.5,249,15.0,1015.15,Partly cloudy starting overnight continuing until night.
2019-10-19,Partly Cloudy,rain,22.6,0.77,6.1,266,15.8,1015.69,Partly cloudy starting in the afternoon continuing until night.
2019-10-20,Partly Cloudy,rain,20.0,0.9,3.6,196,15.8,1015.99,Partly cloudy starting in the afternoon continuing until night.
2019-10-21,Clear,rain,21.0,0.87,3.1,121,15.8,1016.78,Partly cloudy starting in the afternoon continuing until night.
2019-10-22,Clear,rain,18.9,0.9,3.7,237,15.8,1016.49,Partly cloudy starting in the afternoon continuing until night.
2019-10-23,Clear,rain,18.3,0.93,6.4,176,15.8,1016.69,Partly cloudy starting in the afternoon continuing until night.
2019-10-24,Clear,rain,18.9,0.93,5.6,186,11.7,1016.84,Partly cloudy starting in the afternoon continuing until night.
2019-10-25,Clear,rain,17.3,0.99,4.8,174,11.2,1017.27,Partly cloudy starting in the afternoon continuing until night.
2019-10-26,Clear,rain,19.9,0.87,5.0,210,10.0,1017.3,Partly cloudy starting in the afternoon continuing until night.
2019-10-27,Clear,rain,23.6,0.74,7.9,243,10.4,1017.88,Partly cloudy starting in the afternoon continuing until night.
2019-10-28,Clear,rain,26.0,0.61,10.9,238,10.0,1017.85,Partly cloudy starting in the afternoon continuing until night.
2019-10-29,Clear,rain,27.7,0.55,12.7,237,10.0,1017.78,Partly cloudy starting in the afternoon continuing until night.
2019-10-30,Clear,rain,28.8,0.5,15.9,230,10.0,1018.19,Partly cloudy starting in the afternoon continuing until night.
2019-10-31,Clear,rain,29.9,0.47,20.3,259,10.0,1018.67,Partly cloudy starting in the afternoon continuing until night.
2019-11-01,Partly Cloudy,rain,31.0,0.45,17.2,248,10.0,1018.15,Partly cloudy starting in the afternoon continuing until night.
2019-11-02,Partly Cloudy,rain,31.9,0.41,11.3,255,10.4,1017.78,Partly cloudy starting in the afternoon continuing until night.
2019-11-03,Partly Cloudy,rain,32.1,0.42,15.4,220,10.0,1016.77,Partly cloudy starting in the afternoon continuing until night.
2019-11-04,Partly Cloudy,rain,32.1,0.39,17.3,220,10.0,1017.07,Partly cloudy starting in the afternoon continuing until night.
2019-11-05,Partly Cloudy,rain,31.1,0.44,17.2,238,10.0,1017.26,Partly cloudy starting in the afternoon continuing until night.
2019-11-06,Partly Cloudy,rain,31.0,0.44,12.4,221,10.0,1017.23,Partly cloudy starting in the afternoon continuing until night.
2019-11-07,Partly Cloudy,rain,27.3,0.64,10.8,162,10.0,1016.27,Partly cloudy starting in the afternoon continuing until night.
2019-11-08,Partly Cloudy,rain,25.5,0.68,0.9,328,10.4,1016.14,Partly cloudy starting in the afternoon continuing until night.
2019-11-09,Partly Cloudy,rain,22.8,0.84,4.6,182,10.0,1017.94,Partly cloudy starting in the afternoon continuing until night.
2019-11-10,Partly Cloudy,rain,23.2,0.79,6.2,169,15.8,1017.58,Partly cloudy starting in the afternoon continuing until night.
2019-11-11,Clear,rain,22.2,0.85,2.8,133,15.0,1017.7,Partly cloudy starting in the afternoon continuing until night.
2019-11-12,Mostly Cloudy,rain,20.4,0.84,23.9,339,15.6,1008.14,Mostly cloudy throughout the day.
2019-11-13,Mostly Cloudy,rain,19.9,0.85,10.4,329,15.6,1008.38,Mostly cloudy throughout the day.
2019-11-14,Partly Cloudy,rain,16.8,,6.6,354,15.0,1009.23,Mostly cloudy throughout the day.
2019-11-15,Mostly Cloudy,rain,19.4,0.9,10.2,29,15.7,1007.8,Mostly cloudy throughout the day.
2019-11-16,Overcast,rain,18.9,0.93,4.9,280,14.8,1007.64,Mostly cloudy throughout the day.
2019-11-17,Mostly Cloudy,rain,18.9,0.93,5.8,292,13.9,1007.73,Mostly cloudy throughout the day.
2019-11-18,Partly Cloudy,rain,17.9,0.97,5.1,280,10.9,1008.14,Mostly cloudy throughout the day.
2019-11-19,Mostly Cloudy,rain,18.9,0.99,4.9,254,10.9,1009.1,Mostly cloudy throughout the day.
2019-11-20,Overcast,rain,20.1,0.92,9.8,273,11.2,1009.47,Mostly cloudy throughout the day.
2019-11-21,Overcast,rain,21.1,0.87,12.3,318,11.3,1009.31,Mostly cloudy throughout the day.
2019-11-22,Mostly Cloudy,rain,22.2,0.81,12.8,319,11.2,1009.21,Mostly cloudy throughout the day.
2019-11-23,Mostly Cloudy,rain,23.5,0.71,16.2,318,11.4,1009.38,Mostly cloudy throughout the day.
2019-11-24,Mostly Cloudy,rain,23.8,,14.3,301,11.3,1009.41,Mostly cloudy throughout the day.
2019-11-25,Partly Cloudy,rain,25.0,0.62,12.7,318,11.3,1009.02,Mostly cloudy throughout the day.
2019-11-26,Partly Cloudy,rain,25.9,0.58,10.7,295,11.4,1009,Mostly cloudy throughout the day.
